id,acc_number,date_time,amount,merchant,authorization
1,372301711401473,2019-07-30T02:15:45Z,$1650.51,8f39c360-d26c-4f23-8c80-cd329bfea4cc,614158587-6
2,3579830377069336,2019-08-06T16:38:25Z,$1419.24,2381ba2b-3233-4547-b344-1dec9861f3f1,994398708-1
3,6706471984185741,2019-07-10T01:39:48Z,$988.21,9aac24e0-5516-4c05-ae32-5c184154e3c1,026713411-8
4,5641826085011741963,2019-08-07T18:07:53Z,$3680.01,4f51b05a-88f7-4139-8937-bf5504ffa463,450902690-0
5,6759651913009712002,2019-07-11T22:22:45Z,$3829.72,2152d8e0-6070-42fc-9789-b6b1e5cac9ec,715497770-1
6,5478464543012181,2019-07-29T18:09:18Z,$3932.92,f4a9faa6-548d-43f6-9fec-10714920bc7d,692922013-2
7,503834588599442547,2019-08-02T12:14:24Z,$2775.23,c90ed925-1460-47a1-8e15-48f86455e706,665069235-2
8,3581370162566010,2019-07-15T23:34:29Z,$1959.22,9909b0e6-5b2f-41f3-b608-a358878131aa,959462330-6
9,4905921910183507534,2019-08-02T08:07:52Z,$4036.93,dbb26b39-d62d-4051-8d0a-b078d289a842,672390490-7
10,6771774300590928,2019-07-17T15:44:47Z,$4036.04,8aac7477-efc7-4f15-a2ab-11f7ad95d7bf,718846788-9
11,6331109524790646238,2019-07-16T14:35:55Z,$1840.52,74067fbe-531b-4804-a675-56455299e2a9,003164073-7
12,5602213290242197,2019-08-05T21:13:43Z,$3016.45,d393b1e1-9d53-45a1-81c1-814e7b90ae5c,778241316-8
13,3550196129016006,2019-07-10T04:43:34Z,$2846.35,f141613e-6120-4d89-bb42-95a669b30e9f,272564331-7
14,5610254083349740,2019-08-07T10:31:08Z,$3724.72,81c2a593-5cd5-4452-8f2c-5b6c9bfb024e,882740165-2
15,3581175545658628,2019-08-03T11:23:07Z,$1085.47,8d702b81-99c0-48bd-8324-426468c03905,106070808-6
16,3536392816700742,2019-07-09T11:49:24Z,$3699.65,acf57f8f-b68a-4a23-80c2-27be761d29c0,635537132-X
17,633110475834657552,2019-07-16T09:05:42Z,$4206.50,99117817-85d8-4988-a7f9-09a910f24520,565489273-8
18,3535088210353291,2019-07-11T09:20:49Z,$2342.92,db0062fe-7bef-4579-8d90-f28bc3dd2d2f,077955842-1
19,3559805061661642,2019-08-01T01:15:51Z,$3559.72,8e6152a4-60d9-41a0-a941-7f717f83c470,724975772-5
20,3586729113102263,2019-07-24T16:37:11Z,$1340.61,e7bbdd3b-737b-42b5-97e1-f09fcc7c41bc,378554904-0
21,4913883229609240,2019-07-10T15:25:09Z,$1620.96,ee75b5f5-bd8e-4f8d-9b9a-f5ee1946cbd4,447611875-5
22,5020653662638247,2019-08-04T13:10:58Z,$2898.72,8fc05b26-ab15-42a2-b656-64d77f17e345,657627921-3
23,6304665862813680,2019-08-03T20:14:25Z,$4906.03,c6060eed-294e-4d83-ad5b-cd348b799c48,509956344-9
24,5602253286481235,2019-07-27T08:51:48Z,$1220.18,c1ec5784-d031-4ae9-8496-3fe511a7f2bb,938055223-8
25,6378334136992777,2019-07-17T18:27:16Z,$4775.21,e12bc936-59e6-43b9-bbb5-f95e987d4fef,467317712-6
26,3563278124811550,2019-07-21T18:45:47Z,$534.50,b68b8e22-baa6-4e7c-95a5-b8b7fd0c9e53,300435025-4
27,5610100778556349,2019-08-07T03:40:38Z,$2234.71,24736ee9-fbda-4833-b871-dfc3009c8f98,750316930-3
28,337941676756678,2019-08-07T19:44:36Z,$3348.99,2a66e192-e280-446a-9627-09d2eaef25c0,713125933-0
29,3532504117366742,2019-07-29T20:21:43Z,$4693.72,ab546da9-9b95-4562-87ef-45c02b341b37,164188925-X
30,3580882583158145,2019-07-14T22:13:52Z,$2230.97,c63b3ec9-2c66-4f28-adc2-735fad699bf6,605134134-X
31,3581558147805558,2019-07-15T03:18:30Z,$703.10,38a38f29-1cee-43ad-9e04-0303c5752621,280959520-8
32,5521598181165756,2019-07-30T10:16:45Z,$3458.99,c02bb681-7e4d-4297-b053-594e29d3ec1a,746159455-9
33,6759574605162569328,2019-07-10T03:12:08Z,$2902.04,cc0ec079-8f69-4730-8b5e-3d7f0623b7b7,221690896-7
34,4175003076085021,2019-07-25T08:46:19Z,$4147.53,fb74ee69-4d18-44d8-ac14-4294fb9c4d05,273200746-3
35,3553201583849707,2019-08-06T18:19:32Z,$3750.81,3a2542bf-8121-43d2-85d5-6e9f6894e703,356032136-0
36,374622830435284,2019-07-15T15:32:06Z,$878.17,e7c7a6cc-eb9d-497d-a270-81e2c4ce363d,263203024-2
37,4041372363077237,2019-07-15T13:04:44Z,$3502.45,7ffeb6ae-eb8b-4b8e-b356-99a81bcac88b,708731979-5
38,3553101362691652,2019-07-20T17:23:10Z,$3233.76,1e1ca7f0-7b06-4573-97db-22ce31c77e7f,072366101-4
39,3589313696840974,2019-07-28T21:54:16Z,$325.84,3b876048-ba13-43f0-9d13-d059bf519d20,325924525-1
40,4508228874430420,2019-07-15T07:15:19Z,$3642.88,0f4262c1-6911-4ebb-b35e-fb7c7c725302,177067812-3
41,3575476285065703,2019-07-24T18:41:48Z,$1275.64,ee566a23-aa29-4b09-b18d-4d3bdc494415,064809541-X
42,3540116686719340,2019-07-09T01:08:50Z,$1325.61,903f4216-2f45-46c9-a43d-c651ee5ed21f,410515909-7
43,3533325147336029,2019-08-05T14:42:55Z,$3609.51,ea17bd09-5eec-437e-8bc5-8c09611a2cdf,200805773-9
44,3546159532936902,2019-07-18T05:28:44Z,$4384.02,9fab7552-8d51-40ab-98ea-162495be43c2,466340094-9
45,370811259095315,2019-07-25T16:25:05Z,$1879.68,da11cc4a-dd83-4787-b813-2de4acba4560,738796725-3
46,5100136513636670,2019-07-26T00:59:09Z,$2121.12,ffee9964-ce61-42fc-b744-d92f5d4ef2ab,999443971-5
47,3541218049187055,2019-07-19T06:23:35Z,$3792.55,10dbe10f-1857-46f8-8dce-49ea712d9c32,012136583-2
48,3530457715271685,2019-07-30T07:05:33Z,$3753.09,c79b1da5-0380-4fe9-9a91-70526eb37dd2,848932640-1
49,201421236893876,2019-07-19T23:35:28Z,$4939.78,38916381-b40e-4a10-8723-eefbc44ac5bf,444086774-X
50,3563815433949439,2019-08-04T19:35:34Z,$3954.01,87491bc6-9cc8-4249-8cb9-32d5b1580884,582163700-7
51,3532450070019805,2019-07-19T11:31:41Z,$171.87,d02d2139-d711-4945-be43-bd476b5b308d,667003624-8
52,3529947559877731,2019-07-18T06:00:53Z,$344.22,2210a4c0-52ea-4cb8-9f3a-1f4d4fda7fd7,835335572-8
53,5100130454495998,2019-07-26T04:37:15Z,$1781.79,5dc4afe3-53a6-4d99-8eac-b910198a5cc5,065532077-6
54,3556746269454583,2019-07-23T20:08:33Z,$2488.10,147d39c6-ad13-42a9-8ef9-b3b20686ddd6,591126143-X
55,3549957076999617,2019-07-14T17:02:42Z,$2189.25,a1f2a427-585a-4f34-a30b-057d381acb93,369922573-9
56,201476148295305,2019-07-10T02:55:06Z,$2241.40,819b1d59-218a-421e-98ea-08a7c509579c,923390141-6
57,3580088619201269,2019-07-13T18:13:21Z,$2074.04,e9607352-9b0c-451e-82c0-fdf70e8d1b60,826832447-3
58,3562916522513572,2019-08-02T20:05:42Z,$798.79,80404f75-5c0e-43d5-b2e6-d7d23a5052a2,427930450-5
59,5610445880816234,2019-08-04T01:37:16Z,$1107.94,d21284fa-3120-4b23-8af5-e235c89f8cf8,346601771-8
60,3545746399261803,2019-07-09T12:21:25Z,$2274.53,823dce6a-92b3-4941-ae5d-de9e589c0ea1,187641581-9
61,5407775688139513,2019-08-07T16:07:35Z,$2712.88,3dc5cdd7-7d1d-4d57-9bc2-dbab45621fdf,951797178-8
62,36005403171553,2019-07-15T22:27:06Z,$4994.56,117b5ca4-3caa-47f0-8168-1306bf4b0a6c,366169443-X
63,5602211056282068084,2019-07-13T01:52:48Z,$3795.13,6aa82622-241c-4916-9628-ea57be9ee294,808335885-1
64,3550294722064398,2019-07-24T11:22:46Z,$4651.73,10483d98-a2fd-4311-832c-fa827eb25f48,400702938-5
65,4508931673931197,2019-07-10T04:00:59Z,$116.05,350599ac-35ed-40ae-bd85-89a9681242d6,949426776-1
66,6373080081572297,2019-07-17T16:55:53Z,$3242.83,bcf15a67-26c8-4ec3-935d-d859fe113fe1,539602089-X
67,3584274231806786,2019-07-24T15:44:23Z,$2100.14,9e69699f-782c-43ff-bb72-361711921801,573112616-X
68,30260854246711,2019-07-10T10:01:21Z,$4576.81,7782235f-05b6-4797-8182-6e035d83af13,297868818-1
69,3558888912699541,2019-07-20T18:03:05Z,$3366.47,b2df212b-37f8-4a05-94a8-58fd7b16753d,157821730-X
70,3553937236354831,2019-07-16T22:07:24Z,$3635.55,86c98777-c32e-4a6f-8fb1-94016894aef3,056608830-4
71,3556495352082220,2019-08-05T10:14:09Z,$3003.69,d8378061-a008-4681-b9fe-696cd9df63a0,733908270-0
72,201728450761286,2019-07-14T12:07:29Z,$3337.44,742f9aea-de5a-4d76-8027-0f835472027c,129378971-2
73,6761655627557801,2019-07-21T10:06:57Z,$3163.39,1e1e10af-8f7d-4774-8c65-78e917a47a0f,921026897-0
74,5602216030988003,2019-07-29T00:47:10Z,$1336.13,3220693e-3e8a-422b-bc24-46547cb44d4a,469721132-4
75,4936303898108077910,2019-08-05T08:13:21Z,$4790.31,2c3d6759-7b2e-417b-b21f-dcf15fc6ecea,390478994-5
76,675922743797745329,2019-08-04T04:24:37Z,$1342.22,f0f7ed43-f534-45b0-b02c-1f5ff3035e64,541196138-6
77,3534879834810976,2019-07-31T22:03:16Z,$4255.49,60de2cb4-8afb-499e-a7bd-3fd64a3dce81,448421338-9
78,5602235204025397012,2019-08-05T05:39:50Z,$1410.04,5dcfbf19-498c-4e24-8275-7ef41f5669d8,267025220-6
79,374288935696806,2019-07-31T12:19:03Z,$1940.33,90fbf971-a1b0-44a4-b7c8-e3125ea033a3,943106261-5
80,4041593847403,2019-07-20T16:12:26Z,$3661.85,36cd7a9b-7ba7-4626-a808-5b91fa63f511,204871063-8
81,5048371994024105,2019-08-04T15:05:11Z,$3850.83,70faddda-e62a-468e-81af-a589f71f4089,469699249-7
82,5602257838306931,2019-07-23T16:19:09Z,$1647.45,41971294-0c47-44b0-a4b6-de066dcb038a,910692599-5
83,3584825851443075,2019-07-15T21:09:39Z,$3242.44,cf96ef7f-7950-41e1-b174-9c7dff88ee1e,384221397-2
84,5602254352476042,2019-07-26T18:36:16Z,$4573.09,4e2561f8-0e27-4654-8fd4-659465345cec,964190082-X
85,4905022602874680997,2019-08-02T20:28:49Z,$4632.68,d10d52ba-380c-4d95-87a0-346a9bce26b1,237195721-6
86,3561668432083516,2019-07-23T06:51:03Z,$1955.61,39cfef6e-f8de-4cf7-b1ea-c7477d8a23a6,756109741-7
87,4936191581136352233,2019-07-28T23:09:01Z,$741.34,4ef3d330-7ede-423c-bc71-cd6e519e0220,042941054-9
88,3578092160135169,2019-07-28T01:42:12Z,$4996.43,01aed369-d973-4c8b-b01c-f144ff7d450c,342361555-9
89,5100179793868985,2019-07-17T17:39:27Z,$1682.94,03cd7907-ec91-422b-9176-0cfcc1602d0e,896405494-6
90,67093526739124957,2019-08-05T12:03:35Z,$4153.46,82578660-7161-4e53-9ac2-6decbef0e315,326854991-8
91,3570570376512477,2019-07-09T13:26:22Z,$2120.49,a9ca3350-1915-4604-8983-d93e56271430,700802073-2
92,3545539357248106,2019-07-28T21:29:46Z,$1574.63,93b25d93-da6f-47fc-b876-548eddada3e3,691443399-2
93,5048370131920191,2019-07-28T08:11:07Z,$1414.20,c6fefd9f-dc76-41f4-b390-cc68b72c66fb,411479753-X
94,3551583304298393,2019-07-19T16:21:32Z,$770.35,103eff9c-eb64-435e-bff1-037443d3b7d1,886510906-8
95,5602214204409302,2019-07-19T21:58:02Z,$2122.57,d382741f-9a10-427a-b55b-3de9195c09e0,898094039-4
96,67060511052720291,2019-08-02T08:10:07Z,$4482.97,91e7d73c-f5fb-4775-9e68-3b732da0881c,603162070-7
97,501805729410956088,2019-08-07T07:25:15Z,$571.76,ab214627-3e2f-422e-a832-a41a252da86c,812024673-X
98,36433678173106,2019-08-03T00:08:15Z,$2673.51,a9ff7b3e-dd94-4143-9c68-477580e0326b,266876395-9
99,379763680038292,2019-08-03T16:35:44Z,$2496.03,eef6d1f7-2356-40c6-afe0-5d7928e44558,331992118-5
100,3561219414204025,2019-07-28T18:14:25Z,$659.38,0f618e7e-de66-43f9-9556-672b0b80e65a,995395154-3
101,201433444385728,2019-07-19T19:42:33Z,$371.03,3d57a024-4e51-475f-8c45-e4319a0e67c1,952462210-6
102,374283973426216,2019-07-22T20:04:44Z,$22.91,bab7c80e-2c0e-42a8-96df-372a495d37b8,674219628-9
103,3575258631911024,2019-07-22T01:33:24Z,$2903.60,93997dc4-a5bc-45fc-87c7-ebad008a9ab6,277888178-6
104,3552781794224742,2019-07-09T02:23:10Z,$104.47,10ff4e34-743f-4a88-b82e-ffc9d6c57a04,927526108-3
105,3553341134640195,2019-07-23T23:27:51Z,$3894.96,bb8d9feb-5b54-4716-ba0b-35052cc414e5,352832682-4
106,3563295423245082,2019-07-15T11:52:56Z,$3446.60,56ad5da9-9167-4843-8420-32dfe949d9fe,528120599-4
107,3538096297201371,2019-08-02T20:23:03Z,$4568.78,9cb76984-dc4f-4a35-9a85-ffed6e0fe6ff,428378082-0
108,4017952453892,2019-07-30T04:59:42Z,$2630.48,874155ae-66cf-4cf3-861e-32b052b01204,066976725-5
109,30226175401301,2019-07-11T14:39:19Z,$1744.44,59d45cd9-9fbb-4caf-a53d-01e65a20ac7e,846341853-8
110,5602225010160822,2019-07-23T12:16:53Z,$1193.59,246dfe6b-0bb4-4f8b-893f-290a99232bf2,741404964-7
111,4017955319322,2019-07-22T22:21:58Z,$2296.96,9223fe0c-82ad-4d43-9e1f-f39c41b75311,143758307-5
112,3548535893955193,2019-08-01T19:40:34Z,$3053.58,6926186e-b9ee-44a9-952f-d63d28e6cf09,762581884-5
113,5348960098378933,2019-08-03T04:24:57Z,$2682.30,ff48ceec-74e3-4ad1-ac74-87e54ed4dbb2,385058315-5
114,6388054891880300,2019-08-05T03:24:34Z,$1412.61,c1e06dba-4270-41a2-93c8-61210f5a239a,374243536-1
115,3567569422735590,2019-07-23T20:17:11Z,$2563.77,3acde4e8-09ee-4d72-87cb-c72c4669d12d,076871578-4
116,30215137469704,2019-08-07T01:12:40Z,$12.01,4c0f1bbe-c365-4f57-94e5-3f72b0753f58,903193453-4
117,4917151741756220,2019-07-16T21:43:38Z,$4381.77,b9e3b206-d656-458e-8833-dcaba2af189b,462545999-0
118,6333606682154767125,2019-07-10T04:51:24Z,$4364.12,e574a0b1-9809-4561-b8b5-641dd913728d,454929554-6
119,3532529313759028,2019-07-22T19:21:11Z,$86.41,d9897454-38f2-4abb-9e5f-76456c060d7d,009465220-1
120,341716488294538,2019-07-14T04:03:34Z,$4324.80,ce1ae50e-5ea6-4bbf-a933-aaefcf764665,947918465-6
121,4913264794883918,2019-07-29T22:48:33Z,$690.14,19a9a62f-5ed5-4bb9-bdac-72c2482ab204,428986947-5
122,374622542362867,2019-07-24T12:02:56Z,$3487.20,0748edd4-df83-4667-a35f-90be41615358,603154309-5
123,374622714819090,2019-07-29T21:23:03Z,$372.54,9b1e89dc-d9bb-433a-a211-07649bc67a24,780465044-2
124,5602234445516681,2019-07-20T19:42:43Z,$2608.96,e1f56413-d344-4c32-a288-1a3bb68eb75d,787070203-X
125,3541188930906816,2019-07-26T06:58:14Z,$2016.91,1a883d2d-b93a-4ab9-9d9d-6b9815a05704,795116557-3
126,201812742388171,2019-07-27T11:05:23Z,$1174.62,1636746c-a739-46a9-b80f-356926c1d057,689180219-9
127,50209183857530982,2019-07-31T12:36:42Z,$925.71,e0a3b66a-92fa-4640-9949-5e26c08a6b1e,370913592-3
128,3575880834950333,2019-07-31T21:57:23Z,$4699.24,e120f2fd-e95d-4a61-8a3c-7bab43df899f,118961581-9
129,3585683099033011,2019-07-17T13:45:10Z,$1673.27,0a3d51e3-f8e9-406b-9ff2-4ba189e7e4b7,738355696-8
130,3540380280824480,2019-07-14T08:30:07Z,$4397.96,1225b94d-de4e-4ec4-a26f-d6c781e6fd98,441793853-9
131,6771534263213499790,2019-07-24T04:58:15Z,$4400.36,ca6e0610-997d-4762-8030-ba85ffb58c54,369893946-0
132,5602227405781840,2019-07-28T06:52:51Z,$3379.93,cb790d04-3f10-41e2-9525-706107558e9a,131520304-9
133,3554965938237854,2019-08-02T16:37:15Z,$2719.83,32e964cd-3c9f-45c7-9832-552504bffb57,025964519-2
134,201903392758639,2019-07-27T11:48:25Z,$1345.21,9cfdf901-0890-483c-90d9-bbbabdf033d6,131514409-3
135,6394280137689427,2019-08-06T08:14:14Z,$4330.58,a6faf903-e812-46e5-be14-2c90a35bac50,193052979-1
136,3544038955741605,2019-07-31T17:40:11Z,$2791.97,07a454b8-e209-4ff0-bfe2-8c43fda7fece,146485034-8
137,4824351620667918,2019-07-19T03:56:58Z,$2382.53,dbfb2c06-bd16-4861-a79b-dbe3c78dfa92,204137274-5
138,3558678669501143,2019-07-15T19:59:01Z,$1702.69,098be1b9-ca59-4f90-a4c2-0970130a24bf,144812351-8
139,4917956459440910,2019-08-02T17:49:15Z,$4349.49,e66123b9-b39c-4b13-be9d-53e4e68ef676,176983441-9
140,3557612715005594,2019-07-25T16:12:20Z,$677.49,8a11ddb8-0c25-4fef-bd99-81fe7914800d,542432532-7
141,3576693350217089,2019-07-19T04:00:21Z,$2417.59,4c7a4764-bac9-4b70-b83b-6d4e27219c04,732011917-X
142,201860723853036,2019-07-30T22:09:50Z,$2465.42,1bfae020-0cb3-493e-af26-188625e4e49d,864316238-8
143,5602252537459958,2019-07-17T03:04:46Z,$1867.55,bd5c695e-aa73-4f7d-922c-3a4f3167fb5e,420941211-2
144,3553848277358922,2019-07-23T22:58:40Z,$1127.27,3b5d7632-85a6-41e2-9533-564ebd7ff590,543883846-1
145,3568446917642756,2019-07-14T12:20:48Z,$2676.00,c7e5a07b-233a-4a24-975e-a39a7e503bc6,059327662-0
146,3546123051129562,2019-07-15T22:25:18Z,$3080.15,882173cf-5629-44bf-9ccb-574f2e511930,179039377-9
147,633110223803009680,2019-07-22T12:00:37Z,$224.22,d2d03cc7-08e5-44e9-9b91-dff80cfbfada,938698353-2
148,6373574385792973,2019-08-04T07:27:10Z,$4942.74,44e9af68-3668-49b0-834c-58ca1afa1232,585154679-4
149,3550643045854895,2019-07-25T15:07:09Z,$1062.87,9908f825-6ea7-4884-b946-07294294203c,627201067-2
150,3541389048776576,2019-08-07T23:56:15Z,$3176.02,6c5d1eeb-afd3-4328-96ca-a380a80a3066,938311320-0
151,30162379077219,2019-07-27T05:29:42Z,$738.69,f20b289c-a588-4a07-9484-4ec2f71279e6,864228047-6
152,3576016375102856,2019-07-25T20:02:58Z,$2979.49,a402fd30-97cd-40d9-a4fd-8de2851b3b86,954205418-1
153,3540810591251452,2019-07-13T14:57:33Z,$1046.36,fb604656-62aa-4959-89c9-0ee7d784ffee,606587984-3
154,5100171152983232,2019-07-29T20:21:56Z,$3019.55,f0374125-a4a7-4988-b922-875190234bd1,009994378-6
155,490516920409332136,2019-07-18T09:15:11Z,$3468.26,714ad0bc-747b-4a33-94fd-3ea4ad602f2b,345928330-0
156,490566871097510930,2019-07-21T10:22:29Z,$364.82,7124d90c-5c79-4943-a880-44d0cf9fa05c,808749113-0
157,3556389274545853,2019-07-11T19:56:36Z,$1207.69,ef1eb010-8fee-42b0-902b-da4e5dcce2fe,496250590-4
158,374288402216534,2019-07-26T22:50:37Z,$427.49,847dc9cc-0371-4607-b8dd-fae39dc03af2,598625589-5
159,6759821737376797,2019-07-25T06:38:21Z,$4116.48,adc999d6-af6a-4735-a0ea-63114609f1a3,634470658-9
160,493627078609798000,2019-07-27T21:32:36Z,$2088.99,8e5e18d8-93ee-475b-b110-42ca492ad199,103535410-1
161,561003946686317654,2019-07-30T14:12:02Z,$871.64,edb08c55-80bf-4dc3-9162-879140e993fc,141977449-2
162,3587323398874959,2019-07-20T05:52:07Z,$3919.13,fc59e0e9-dad4-4f45-884c-28031fd826fd,677065360-5
163,30490950239233,2019-07-25T17:52:33Z,$101.40,2b1c5f90-e4bf-4801-a13a-17dd7a1a4f0d,273139643-1
164,50181535959685646,2019-07-10T03:20:30Z,$1205.91,957e24a8-b33b-4ae1-bead-136e5a3aef1a,883805215-8
165,3570801963473892,2019-07-20T15:58:13Z,$2246.82,9bf15a2f-1f84-432f-91f1-795c404aad61,744088672-0
166,3529771748384015,2019-07-22T22:10:54Z,$795.37,a68fe605-9420-4e16-ab19-1ca034d3c4d0,013832878-1
167,5571940664502650,2019-07-20T00:32:15Z,$4168.07,9f8b9b95-a285-4225-b335-986615526603,693141659-6
168,344349635115005,2019-07-09T11:43:49Z,$1664.39,d1272f89-9493-4f2a-b58c-fc5989df3676,042761775-8
169,3560889187703741,2019-07-19T16:56:24Z,$3281.44,83f895f2-56bb-4bf5-827a-b0df8b3e9244,621098283-2
170,30318672096997,2019-07-10T04:48:18Z,$4793.34,115c4fec-f1fd-49fa-a605-6c045b4123ea,420971203-5
171,30467917440104,2019-07-10T22:35:02Z,$2213.71,9469d990-81e8-4336-aef2-4d6d5561c1bd,087884229-2
172,4936471230478425600,2019-07-18T14:15:47Z,$3618.01,44fa319c-3040-472b-b6b0-200c45d5c183,942334182-9
173,3531262490411749,2019-07-19T10:04:15Z,$1988.33,eefbafa6-2035-4606-a7f5-d3511f10ed55,361921493-X
174,201865067110679,2019-07-24T05:35:14Z,$2153.50,67d6ca31-3e20-46a5-9efd-3102af882b63,565873923-3
175,3540901800796088,2019-07-29T19:44:43Z,$4469.33,f56c5c69-8afa-4e57-90b6-49a6f418f231,886170403-4
176,6759740176439439,2019-07-18T15:12:49Z,$1212.31,0da615a7-e4b4-4257-93bb-1ea931f020b3,126657102-7
177,676768673757210573,2019-07-27T13:30:58Z,$1873.54,60d1ae4f-18f3-496f-9d54-ef31f96091c8,830655625-9
178,5010124423123103,2019-07-20T16:22:11Z,$1693.88,eeb223cb-b00a-4131-8fea-000f46f41eee,141297306-6
179,5610385211748385,2019-07-11T16:22:07Z,$608.29,18177aa1-e308-4d83-ae63-24de97902259,835029253-9
180,3547828982893461,2019-08-03T03:04:16Z,$924.86,ef8518cd-41cd-4a41-bcdd-38479fbe10e2,048811445-4
181,4913553926983947,2019-07-22T00:32:28Z,$2997.61,2231741b-a20f-4f4d-96ad-297f1c138dd0,017957776-X
182,5602248842199178380,2019-07-12T11:15:46Z,$1836.68,1b0f5cca-81b6-4c29-bbb8-d7f65e5f33d4,730589515-6
183,4936701594844106,2019-07-09T12:21:22Z,$4015.26,df04d112-e8ad-4cd5-8428-6d68ba034208,567979472-1
184,3530159555014155,2019-07-24T15:35:27Z,$3999.63,fb9b7cee-e866-4994-9cbb-7a3bb58ba2dc,779285056-0
185,5100176092680616,2019-07-23T15:43:10Z,$409.68,144e1101-7712-4384-95f0-8d4bdffc8a34,647578360-9
186,3589868528857041,2019-07-29T01:13:03Z,$2024.02,7913f84b-b8b4-45e3-970f-945344ea70d2,493235054-6
187,5602241310106662,2019-07-15T05:35:00Z,$4478.70,7316ac56-5c9f-4771-9694-58371e022300,546714145-7
188,3536602629432766,2019-08-04T06:24:37Z,$1732.84,ffdc312d-2a36-4c92-94f6-3bf173a1a47a,393826302-4
189,3576886374836278,2019-07-29T06:52:23Z,$3983.17,42869f73-2798-4743-a718-e57ae44ad5c3,880452930-X
190,3551442160929585,2019-07-11T01:28:20Z,$743.99,1cd3f05f-78a7-4136-b987-e3fe22dacf5b,851298641-7
191,201521695984676,2019-07-13T07:42:04Z,$4929.77,5daffbdd-e6b9-403c-bc3c-5a2955c73ee1,170292508-0
192,3553854021943654,2019-07-11T12:48:10Z,$446.97,bf7f7ebc-77c7-4e0b-a6b4-1e197ae74443,277155634-0
193,3555424556149156,2019-07-10T04:36:03Z,$533.14,b7348588-fc11-479f-bcb4-8559d80be332,892550705-6
194,6709467890585948,2019-07-17T17:50:40Z,$2540.37,ef3f03f7-9c3f-4231-b52a-755ea387b252,589389687-4
195,3576381017047277,2019-07-16T06:05:13Z,$1058.60,adb44c56-09f1-4181-908d-75039bf10fd5,825739224-3
196,4405769032650395,2019-07-15T11:22:58Z,$3008.36,9a4b2d7f-ff6b-4fd0-8af4-cfda7afe5840,309914569-6
197,3571216032078656,2019-08-04T18:20:20Z,$4031.98,28be419d-e90a-4580-bdc8-817c340e3683,780937550-4
198,3542576448645737,2019-07-22T08:14:42Z,$2335.64,a05292b2-6483-4949-95b7-8215bc2a6769,741224204-0
199,4026259958207189,2019-07-10T05:35:58Z,$4801.62,e4204ca4-eb2e-4af4-ac99-4284a8ba4ef8,499279749-0
200,5018772547000133705,2019-08-05T13:31:23Z,$250.27,31b7f89e-e6c3-489a-ac69-5dbaaef27314,808747056-7
201,633461027999613220,2019-07-18T15:39:36Z,$711.11,cd51edf7-5761-468b-a161-3a2fb0c0ec27,627036256-3
202,3580504773660272,2019-08-07T11:16:39Z,$1632.64,68d04a19-6964-487a-980f-6295421d2c09,934694041-7
203,3548275581497691,2019-07-11T14:54:24Z,$4240.64,9ce29d6a-ec63-4ea8-9af5-ad1d2dce9b98,976960935-8
204,6334224411253206,2019-07-26T03:27:31Z,$3337.91,900ce62d-52cb-4d72-b71b-0f813b13abcb,847353989-3
205,56022334391157046,2019-07-16T19:52:25Z,$1700.54,8229e7ed-b54e-40fd-813a-305f7b3fae15,300510142-8
206,4041593948417610,2019-07-16T00:09:23Z,$2618.20,9153ad91-9f73-4a26-a364-8e7e57a6719c,877298965-3
207,4026012836188307,2019-07-19T00:11:53Z,$1258.71,b7c82ef7-7579-4035-9c47-a81639f51aa3,451887506-0
208,5048370397965203,2019-07-25T05:27:33Z,$238.28,af2a4b91-8133-4bc6-8497-43d2f455e54f,873728384-7
209,5038839724462664,2019-07-21T12:55:48Z,$507.38,bc5eea77-70c9-40b6-a4fa-c98128b3b7d2,266936364-4
210,5038731247617702,2019-07-11T05:22:04Z,$1854.97,61c91179-3d12-42a1-ae8b-2211bcb03b8e,086095290-8
211,3579414113890741,2019-07-14T21:36:29Z,$4227.59,b644ed79-b26a-465d-9bd3-aa641e996e09,006334972-8
212,5893006616827438,2019-07-17T02:38:39Z,$3703.94,661c7b2a-ba00-481f-ab54-5d7a6cd2546e,883573856-3
213,30042039371808,2019-07-20T02:22:02Z,$2845.11,292deab5-1317-45d8-9089-246e7253e6c1,895475748-0
214,3568735286869820,2019-07-10T13:41:30Z,$1493.88,f153644c-511c-4b3f-9720-829a44d91600,811436990-6
215,5478612091254809,2019-08-02T18:28:11Z,$2234.77,074ac3f0-ee8c-4c5e-a85f-ea253b7c57d6,588159616-1
216,5010124169938052,2019-07-17T02:52:35Z,$1082.95,1c34bdb0-212a-47b3-ad9b-388f4ee6712b,492414328-6
217,3547281130710262,2019-07-23T02:23:41Z,$2934.79,ed8b137b-57e7-46ce-a59b-61e6faba5dea,368239041-3
218,3561101741705454,2019-08-05T10:29:03Z,$4970.87,50dd90ae-1510-47a4-a688-ce5af8bd0fcb,799592359-7
219,3535665565837083,2019-08-05T07:41:17Z,$3546.50,f641a0fa-5550-4464-8d54-d1e68f5b22a3,284119593-7
220,4041591374010255,2019-07-13T10:28:28Z,$3261.15,806e8c07-bf8f-48dc-a98d-37f77a958199,193118690-1
221,5100175102074398,2019-08-03T15:32:41Z,$3198.23,67f63840-608f-45ee-9d84-d9ff36e6708a,860119459-1
222,5137986087076274,2019-07-14T04:13:49Z,$2388.62,879450a9-b514-4dba-8713-152af2581b51,472049290-8
223,5010128522416466,2019-08-07T13:29:54Z,$4118.64,1c101b3a-0758-48b9-afd5-394a613097d0,477803809-6
224,5588453716826318,2019-07-18T02:25:27Z,$3002.95,698e4ad3-dcc7-4aa1-911e-800b3e5521be,139545997-5
225,4903887113893077,2019-07-17T00:55:42Z,$73.40,5b92e9b7-db7d-49a4-8230-9bb21d3d2061,469621834-1
226,3584905096568264,2019-08-03T12:44:13Z,$2629.69,1fc3e6c2-9097-4cb0-83bb-433778bc4856,531321654-6
227,633433333983049206,2019-07-28T06:38:30Z,$1774.75,969ca930-b7ba-41d0-8a23-3f50950783aa,671612056-4
228,633379935777560705,2019-07-11T18:39:00Z,$1893.32,d9dc566d-5739-48a6-9bcb-5f9ad13713fe,010477883-0
229,3566062392445680,2019-07-20T16:51:04Z,$4947.01,e8b17d5e-5d57-4239-a85b-e02fd8079881,808386001-8
230,3569070750761488,2019-08-06T05:06:25Z,$4315.39,f664cf42-3425-4067-b999-a84e4f1605dc,825609974-7
231,3534359452025637,2019-07-29T19:33:35Z,$4543.91,cb52f4a9-597a-43b4-8ff8-5f5ef37d47de,573797847-8
232,3556479977132883,2019-07-20T01:30:49Z,$491.31,a0f9ad27-a140-4606-aea3-fc43963eedd4,216265757-0
233,6382021960101385,2019-07-24T04:44:20Z,$3051.29,504dfc03-1de7-482c-85c1-eeeec0a18467,764733555-3
234,3538827777851727,2019-08-04T12:18:57Z,$4621.87,6b557f5b-dce3-4d28-8f24-9607a89c55c2,271629346-5
235,3579212798126674,2019-07-19T03:00:31Z,$4263.03,c70b75bf-1d22-4ef7-9f7c-55263ae33176,837285705-9
236,6767720247881801,2019-07-09T16:38:16Z,$1730.19,f3830ccb-5ff3-4b60-9dc5-7c0ff7679d83,151330043-1
237,5602250285592061,2019-07-11T01:07:03Z,$1536.22,d3c9ed5a-2d53-4251-8d42-d1d5f67a3075,502272667-X
238,501892820908207607,2019-07-15T18:19:42Z,$2204.31,6e402a83-11a3-4024-807e-d978d692c2f5,466782523-5
239,201999724770672,2019-07-23T22:48:41Z,$720.47,e77c984e-1f98-4655-ad3b-0d64a3f5c9ac,645418258-4
240,6377044432991396,2019-08-07T19:07:43Z,$4957.24,dc335b39-806f-4718-b6fa-cd074e8f773d,816200378-9
241,5108755322472720,2019-07-30T06:43:54Z,$327.71,a209acd6-5403-4b87-868e-443a77bc4a67,108831511-9
242,201906633461202,2019-08-01T07:05:30Z,$339.44,12014158-2206-4ec0-8d54-3c793dc1bdf8,227823114-6
243,5002357779192823,2019-07-25T05:24:34Z,$1023.80,ab80242a-b849-4855-a305-5a942a0ff307,482222537-2
244,3535519668363614,2019-07-16T11:19:35Z,$4270.54,ca0875f6-f792-4767-8a44-ba6a6327b9ac,826363411-3
245,493661823448832388,2019-07-18T08:49:39Z,$2593.65,edb16044-06a5-42f6-a07d-743ec1e234b2,106035012-2
246,6304690389439725195,2019-07-16T13:48:31Z,$3497.58,65b22260-ab88-480f-a716-29052116f43d,081097433-9
247,3530190524203157,2019-08-01T14:43:46Z,$4940.49,add2738b-1e9b-4317-8170-4b62d3477168,621008889-9
248,3577834350218243,2019-08-03T01:48:06Z,$934.93,66ae7a9b-f3c9-428b-ba74-73dc3a8d1d7a,960312742-6
249,5602222981880470,2019-07-16T18:17:40Z,$1143.23,a8c1ab0f-2e1c-4be4-8229-032e9aebb693,314146684-X
250,4903901553950135300,2019-07-12T21:22:38Z,$758.39,77397e56-dbe7-41a6-a5a4-93c81af63219,637967450-0
251,670906932768365768,2019-07-24T00:34:25Z,$2224.38,bdf75fe2-00e5-40f3-94ac-28b35e422c68,191284719-1
252,3584938995510996,2019-07-29T03:29:36Z,$2585.21,f138e4f1-58d0-4160-a8e9-4b5b7bc789be,408481334-6
253,5602234778898680,2019-07-31T01:52:44Z,$1616.60,388efc45-b2be-4818-a22e-93a92307bde0,888664402-7
254,3588514578916284,2019-07-20T22:44:46Z,$4844.00,25c3a8ab-44f6-4462-af07-c061b889fb29,521185790-9
255,3568526540521152,2019-07-18T08:52:03Z,$2281.47,b9c4ffe2-a675-4550-b9e0-997f15010e4c,350947667-0
256,560224565120122598,2019-07-26T16:22:13Z,$3751.96,127a682f-d643-4149-95f5-761cd71927c6,737718176-1
257,3582477319924296,2019-07-27T06:42:17Z,$3947.30,a24175bd-d50c-4daa-beb0-7eba373a53f3,551909376-8
258,676378376987385635,2019-08-01T19:52:54Z,$2070.75,d2ed8352-65a2-4792-acc9-5f6d3e337fe2,868663857-0
259,3583144749517681,2019-07-12T04:06:01Z,$819.15,8ef91675-53ff-46cf-82ee-bb817ba71145,188081017-4
260,491159295207395266,2019-07-17T17:27:53Z,$2431.75,c41766c3-679d-415c-a426-70f9d357a143,086107010-0
261,3567275544903708,2019-07-19T00:47:03Z,$4281.08,c984ca92-4d21-4dfe-9668-3e213990b622,584354291-2
262,3573972642725361,2019-07-30T17:01:39Z,$3959.73,7c63b076-3721-4e85-8ac1-82db49e9c1b6,500289963-3
263,3564038092920893,2019-08-04T12:44:42Z,$1394.15,43f438bd-8e6e-46f4-b1ae-79f7c822e6c3,246492309-5
264,5100142010685210,2019-08-04T22:54:34Z,$3904.51,a5e15405-6b2f-4d0b-8cd1-93951067a73f,798931538-6
265,372301415637331,2019-07-15T20:21:24Z,$3904.98,3ff7c982-1125-4bd1-84a4-dbd54da50c78,462163872-6
266,30298320330800,2019-07-15T20:13:04Z,$20.73,3a740eef-497b-407c-9b2f-78f08240bc80,731994064-7
267,56022386779609568,2019-07-29T11:01:20Z,$4344.31,9e821206-2c5f-43fe-aa04-be37a10609b8,121198122-3
268,5565191873283108,2019-08-07T13:35:24Z,$867.38,574fa8b9-fca8-48ae-b637-1dbf29c688e0,626587878-6
269,6378565852762841,2019-07-15T18:44:13Z,$2034.38,388346da-5423-4890-a359-acb6e7f3e9af,317583928-2
270,5602211887428922,2019-07-25T08:05:35Z,$1934.05,a764c32d-ccdd-4afb-8dbf-aca25ef7a96f,466495720-3
271,6771732736491741934,2019-07-14T17:07:20Z,$1339.69,1e234b41-7497-4e4e-bca5-1252de2f835a,364149132-0
272,560225832622488821,2019-07-18T04:21:18Z,$724.32,5f2e084a-729a-4e11-870a-6f751662380a,783514865-X
273,5018659576851251397,2019-07-31T10:17:34Z,$1654.62,f079397d-3cc2-445c-a9a1-5c1202fafe20,520530000-0
274,5388545461253754,2019-07-17T18:07:54Z,$3710.39,4b812d77-f5dc-4702-8551-a2ebb18666c1,826672708-2
275,5584736977359563,2019-07-26T13:35:04Z,$1400.46,bed3528f-13ba-4a94-aa77-60d35a875c4d,654232897-1
276,6763388261074895,2019-08-03T15:44:00Z,$387.83,7bfe58b9-59be-4bc2-9e45-8888e12f15ef,508418817-5
277,5602256339354754,2019-07-24T05:37:58Z,$4696.31,a5fea2c5-678d-4f0b-bd01-15eaf24c230a,809499316-2
278,4936076827324788815,2019-07-20T11:24:06Z,$4836.00,ba3f2f95-e5e2-468f-aaec-d19624f0522d,003468519-7
279,374622329506892,2019-07-19T00:25:02Z,$2.33,7a3cbd71-1c0b-4e72-824b-80e7917b925a,512243522-7
280,201853695340561,2019-07-11T02:10:41Z,$1797.50,4cc5c879-da98-4111-897b-3b450773524f,325337162-X
281,5465071439598648,2019-08-04T01:15:30Z,$1650.46,3cb0a245-97a4-4d87-84b2-56f6463fd4ef,393895158-3
282,5255240594486394,2019-07-26T15:38:06Z,$3796.94,9ff24f39-bf45-4555-b13f-864b39f563eb,544932848-6
283,3536967415702007,2019-08-06T19:51:14Z,$358.52,64c1acef-95d3-4bb4-9350-7567bd824e55,170547743-7
284,3582248626754282,2019-07-09T06:03:36Z,$2593.19,bc34e325-3aff-4395-a78f-964d12afc9b7,435670602-1
285,3575306735995599,2019-07-11T12:20:50Z,$1605.03,8d2cb8f1-a515-46bf-804d-670f098a9c5a,851447329-8
286,3562702275820939,2019-07-29T12:17:33Z,$2478.02,69bff1c8-9374-4376-a9d7-abba52fe2d14,368773995-3
287,4917264231245743,2019-07-19T13:48:06Z,$2508.61,4b92a101-30ac-4c15-9057-049d9c0a3d3f,922304291-7
288,3548543083565764,2019-07-16T16:22:41Z,$3490.51,e436c170-c35f-4062-9904-d835b340cefa,990486902-2
289,30452726196634,2019-08-02T23:02:50Z,$714.20,9e6be0f5-506d-4ff8-b085-3eb79bfcf5f0,854667242-3
290,5602258643126639,2019-07-20T10:33:14Z,$1075.12,bc829946-0eba-4bd4-b9f4-63c7f6e9dbf9,413101308-8
291,3561419053057441,2019-07-22T23:59:47Z,$3322.02,330d59e5-80a9-4aca-ab86-89641a972b8a,789995557-2
292,67638114022168205,2019-07-22T16:06:45Z,$874.63,b8c35f41-bddf-41d2-ae19-d344a364785f,640410430-X
293,5602212332734737918,2019-07-29T00:16:27Z,$4970.71,641ef2a7-7f3c-4e99-80a4-1fd224a6ec92,415621610-1
294,3544415081837178,2019-07-12T20:03:27Z,$4108.10,f828d19f-394d-4931-a50d-e7f6f114144c,718842897-2
295,374288862402749,2019-07-15T06:48:10Z,$3236.05,00c672b6-bfcc-4203-8964-dd525f537a61,390112629-5
296,3568539405501151,2019-07-19T08:10:13Z,$309.80,c80e7424-5a15-4d5b-8e7c-5bf3ec0fed1e,165257174-4
297,6759133006486426,2019-08-01T19:03:54Z,$719.31,eb442d76-aef5-4bc0-8961-5ecf5a4fe033,590123092-2
298,3531503728299509,2019-07-21T20:12:15Z,$2959.77,2116fd7c-fd51-43b6-a843-29d4c22ecc4f,929810578-9
299,4175003936432033,2019-08-07T01:47:55Z,$2897.43,ef0742bc-032b-4ffa-b56f-1317e6b1bb22,144924607-9
300,4026503006926492,2019-07-23T03:12:06Z,$3361.55,083de033-0ff9-40c2-9d09-4b0dec6ef311,918005276-2
301,5602259917457254,2019-08-06T13:24:52Z,$1381.83,413eeb80-dc14-434f-8153-fbc890558314,639805920-4
302,4041378110225,2019-07-28T23:30:11Z,$3858.38,4f355e40-6116-410d-a5dc-22fc3e7d1273,047804969-2
303,5007667109598092,2019-07-11T03:06:51Z,$4012.91,21054b6f-199b-4544-9110-c36b3b29c188,750983542-9
304,3530126216045597,2019-08-04T11:47:07Z,$2842.22,9516724e-c253-42ec-9d20-ac01a3c39546,330557330-9
305,374283873371405,2019-07-12T11:26:29Z,$809.54,85559d6a-90ee-4d30-97a4-f20c6323c6b4,966044954-2
306,201990673229968,2019-08-05T14:27:58Z,$2193.05,7e3dfc7c-11a6-49b5-ae6a-5e9b315f6372,862382161-0
307,6304436988518944533,2019-07-13T16:34:37Z,$2351.38,e1e77b6f-a6e0-4a1f-a35a-0cf7a11c6d46,880057410-6
308,30560042892338,2019-07-24T12:43:19Z,$1204.13,4f193851-10d3-4837-9d8e-fc161e98dd35,018508321-8
309,3548979870235387,2019-07-10T04:43:41Z,$2427.08,2fdd141e-d978-4aac-9152-a7ab3231c80a,838608601-7
310,3547788376284315,2019-07-15T22:31:14Z,$585.12,d88657bd-b57d-4e67-b7fb-532646199087,627916299-0
311,56022570672806823,2019-07-27T21:09:28Z,$2428.31,366ea828-5ad1-4129-8961-a122371961e8,080245987-0
312,5018423586916532231,2019-07-30T21:46:34Z,$29.47,c856c680-8409-45b2-b5ad-e3877bade03a,957040709-3
313,30241411811148,2019-07-16T17:39:22Z,$3665.49,23fb95a3-d180-44c4-8f91-49476cb0cfa0,872378065-7
314,4041593708845,2019-07-31T10:13:12Z,$2282.01,02fd6359-d89f-4076-acd9-2c7672600039,974654396-2
315,201896728388321,2019-07-17T20:31:25Z,$4505.93,31c939a2-ceea-48ed-9a3b-353b7d136acc,260898718-4
316,3534418332404956,2019-07-18T19:04:13Z,$1746.10,ef9cad1c-39b3-4b68-8c7b-6e0bc23fb27f,666214856-3
317,3549475367628779,2019-07-18T00:10:05Z,$2353.37,dfa6cc73-dc3e-4f47-8d13-9dede810f221,551398130-0
318,3534848141852377,2019-07-26T07:49:23Z,$2332.47,18f5edee-d773-4931-a69c-412ae35b6738,320575854-4
319,3530534416592211,2019-07-15T17:20:01Z,$2115.57,12239935-9f61-4db0-951c-9e53695a1def,559861779-X
320,4356299725904734,2019-07-21T23:00:58Z,$1247.44,c9d68773-4851-4fb4-85f4-395e9abb03fe,661491006-X
321,5602213827386681,2019-08-05T15:57:22Z,$526.94,350f3677-3da2-436c-b368-8f60ae06a88e,542874064-7
322,201777990957169,2019-07-11T05:08:21Z,$1890.64,314231ae-5293-4f19-81c6-0baa21c77b78,954175750-2
323,6763602440892856,2019-07-23T20:22:14Z,$3147.96,46a0daf8-eb1e-4524-b9ff-f3fcde7cef52,758129105-7
324,3556612204282523,2019-07-17T15:10:57Z,$4101.48,b7ba9570-7861-4c70-9bc7-921c387e3cc3,354010998-6
325,4041374101285,2019-07-11T20:07:48Z,$606.80,fe39bdc0-d63b-4344-9709-6d7642103321,268393561-7
326,3563408254036120,2019-08-04T05:42:21Z,$1623.97,8ef3defe-eb12-4fae-8e88-e2b18c47e867,385577361-0
327,4026574672928690,2019-07-11T10:21:23Z,$1042.19,8cdc46c2-aeea-455c-a459-000704e33f18,747676754-3
328,3567356012429564,2019-07-10T05:52:50Z,$1524.92,3356acc4-75af-4dc1-8c8c-a15d87636dda,826618652-9
329,5610497717673296,2019-07-26T00:15:26Z,$2085.02,24fea28b-fdb7-4603-940d-0e332990bd95,687554404-0
330,3530156017256192,2019-07-10T20:46:41Z,$2426.44,2e59a3c8-4a29-4e1a-a150-22c7dd79d858,641461873-X
331,3544198626743479,2019-07-24T06:23:11Z,$4420.12,3204e9e8-1aff-41e9-9829-867e9b2a85fa,951160273-X
332,67713221873774045,2019-07-12T05:47:06Z,$2941.51,7398d197-c6a5-47f9-8edb-d0292dde0afb,757186028-8
333,3537437392395158,2019-07-22T21:34:28Z,$3147.23,6108970a-ae0e-494b-8672-935e30233956,794921752-9
334,201622715061121,2019-08-06T14:32:02Z,$1766.74,4033a740-96a8-40c4-b922-b75c6713c155,833335337-1
335,5100132914408132,2019-07-26T08:31:08Z,$85.92,34ed8d2a-ea5b-4b54-9d5a-3ecb1e5d5b2a,832090645-8
336,201889582491620,2019-07-26T04:25:48Z,$4852.11,4bab8140-0d84-4ab7-8c3e-d6301a773d4e,671722306-5
337,5602212010862868438,2019-07-24T00:34:31Z,$4410.06,9f6fd9be-0bcc-47eb-a3be-260d83efc2c7,585529581-8
338,3583932795470999,2019-07-26T07:18:49Z,$4126.37,4253e022-a999-437e-89a3-ba9c82664e33,667887650-4
339,676144086808686870,2019-08-07T23:13:04Z,$3861.15,d2732793-17d5-439f-ba97-75e59437734d,486139468-6
340,3551376719696735,2019-07-29T12:35:37Z,$771.43,bdd22e68-1fec-4d80-9508-faaa5c999afb,081339149-0
341,3540979257979639,2019-07-16T07:50:41Z,$742.09,09af32ca-853e-4e1c-b543-bee8b0e346f8,690951212-X
342,4905098518343019,2019-07-22T15:26:18Z,$1254.30,9a87d8df-a862-4cac-bc88-8fad19f5deb0,120932460-1
343,3565055020044991,2019-07-16T05:50:46Z,$3146.56,9f1b363a-2cc8-4d17-bee8-86cca5ee9479,603107221-1
344,50388660473393849,2019-07-30T15:34:52Z,$4381.75,e82bfddd-5c8d-4bec-9345-594010cf734f,550586558-5
345,3537530443373164,2019-07-22T06:42:20Z,$2991.60,363f8b5d-9159-4e6b-8f6c-24322435adca,288490980-X
346,3550257440514333,2019-07-26T17:14:10Z,$2413.90,1bc98f7e-dc2c-4850-a3ac-e30dd302b961,579154615-7
347,5641824975853646,2019-07-11T00:25:02Z,$2386.06,db70fbae-5159-427f-9e8d-f672b3113a59,069880028-1
348,5147616004547911,2019-08-04T20:01:51Z,$2237.73,0b93a5d2-6953-4c1f-874a-0e673e208531,868673747-1
349,4508024295477748,2019-08-01T00:17:24Z,$104.42,c96b30bc-d948-4f72-9c72-3de8570b4450,898122905-8
350,4905453989535470,2019-07-20T00:15:46Z,$4366.96,1afae106-7914-4853-9666-a71c24c1e55e,182882613-8
351,5100147407706727,2019-07-15T18:22:45Z,$4427.40,d6bc74e3-2a49-4a24-b2a0-c233accd8ee3,339387393-8
352,5100172059702261,2019-07-27T10:04:34Z,$1648.65,54ba3c69-a115-4c5d-93d4-b4581b96e03a,723676420-5
353,3587995586772853,2019-07-11T15:17:59Z,$1408.80,24b20c31-37bb-4e22-9484-10ce93c31978,514758594-X
354,6761951373401322,2019-08-07T17:15:59Z,$3904.43,2ca712ad-b815-49ff-a125-9c15f86c1ed5,417843677-5
355,5602228046156509,2019-07-22T22:28:50Z,$2010.52,869712f6-26f4-4319-aefd-88e5dc12c089,876532277-0
356,4844440417004090,2019-07-22T15:45:53Z,$4660.18,91f008c1-2683-42c7-8281-fcf2e6561459,171064349-8
357,4487067346205605,2019-07-15T19:18:18Z,$4304.69,1ea0e6b1-9bdf-48c3-8e21-c2e9da077921,082739978-2
358,3548635114242692,2019-07-14T14:16:46Z,$3838.12,0acf58dd-24e2-4dad-b576-5182ac11b7d0,606601741-1
359,4405781701157032,2019-07-13T12:58:59Z,$3859.59,ee836cd6-d8df-42e4-954a-0d4084755872,797276959-1
360,3553050998804587,2019-07-18T21:33:27Z,$4624.58,cc089d04-2722-45ef-b614-71675fd23532,300872776-X
361,3583617176270478,2019-07-28T13:34:52Z,$4495.83,1f91b564-dbe7-4049-a391-95b22969de63,219749062-1
362,5020345892484068,2019-08-05T18:00:09Z,$2527.06,e07d7074-303f-48f0-894c-48d78f3872cf,083422606-5
363,633380868617786742,2019-07-22T03:46:16Z,$1159.22,ad7c6121-e5b1-4948-92a1-09bb8412412f,235034844-X
364,4041371044301537,2019-07-28T03:24:25Z,$2917.99,e5eda8d0-352b-4c5e-a6bf-332ffa1faa63,583775251-X
365,3540685809752305,2019-08-06T13:09:49Z,$3987.81,44b6bf90-dc90-40c1-a02c-b68dba3625a3,164618543-9
366,3560497853644239,2019-07-10T14:27:17Z,$1951.53,ff8cbf3e-de60-44e0-9914-0b5c3192e821,906465651-7
367,3585279623142889,2019-07-30T04:02:07Z,$3304.03,723c4763-89a8-42d0-a009-d2dc00c6ad99,430396829-3
368,3531392576428372,2019-07-12T14:25:44Z,$1942.66,e28ec1a5-9c42-4e56-a263-c9aef061ef6c,832539415-3
369,3545968550772630,2019-08-07T00:34:22Z,$1297.57,6b5c7bf6-408f-421e-b3e4-f452b6fb9cf9,263317162-1
370,3532315013381697,2019-07-18T21:12:46Z,$3697.10,f25d6b4a-b525-461e-956f-61962c9d352d,955629260-8
371,5486235971920313,2019-07-18T04:32:10Z,$234.83,03305d80-a956-4c11-b780-4fa5f05eccca,600008554-0
372,4017959590837,2019-08-01T18:31:17Z,$490.18,e692f9fb-b6eb-4567-8423-a981ebca4a01,285297512-2
373,3542472186428868,2019-07-30T20:14:10Z,$1838.91,5f70546d-dcac-452c-adf0-352d68f63f25,716761515-3
374,5048372327783490,2019-07-23T16:08:07Z,$3376.24,fe89e89a-ec2d-4cc0-a27c-2c00fca3328e,140187650-1
375,6763192623219962648,2019-08-05T00:56:44Z,$3726.95,c40856c5-e920-43c2-85cb-dfb4d2fc450a,977267454-8
376,6761789815022439318,2019-07-20T08:21:30Z,$3977.58,b3cb81d4-78a0-4821-9abf-4a8bd1c538c5,692570789-4
377,491111646629354686,2019-07-15T21:59:55Z,$2941.65,5766a4eb-c9b3-447c-aeeb-1add9e347b0d,102194777-6
378,3574764346483697,2019-07-23T11:16:41Z,$4306.96,6b718b15-0e21-41b3-a20e-6f520b279802,234809443-6
379,3583880307570824,2019-07-19T13:24:25Z,$4490.78,9d5ff333-1e78-469e-9c45-cd2787b7f37f,948745038-6
380,3558129247325787,2019-07-20T22:54:31Z,$3227.26,084b1ecd-5eb6-4894-a15a-11b608bcac9f,706195676-3
381,67066231586116163,2019-07-24T08:30:47Z,$1733.82,2a6d2b47-6324-44bd-a7ce-158d6b3f1aac,328262496-4
382,0604059818010775,2019-07-21T22:37:19Z,$2782.91,eaa587ae-a567-4a60-85bb-147cba2cf0c0,168653346-2
383,3563041445900498,2019-07-11T02:04:44Z,$410.60,f01031a1-b58b-4dac-ab38-c5581a290428,226948114-3
384,3580345994565282,2019-07-26T15:22:17Z,$306.10,5140de42-1f6a-443a-9901-adc4d7814f5d,896547460-4
385,4844678789899361,2019-07-17T19:00:04Z,$1109.49,72aa0d6d-8901-4e62-9b0a-85abdf7a249d,994672049-3
386,633406112612801432,2019-07-16T02:43:27Z,$1046.80,ea43ed2a-68e0-43e0-9f7a-965c2a6e0940,364710304-7
387,5100176919882965,2019-07-27T19:17:24Z,$1011.37,1a7919c7-1abf-4913-a591-c2ec2d38a4d8,353887952-4
388,633453703257657550,2019-08-05T13:42:29Z,$979.51,f7c4668c-1fdf-4466-b422-52778c441b2e,086817391-6
389,3583918456836149,2019-07-27T23:01:05Z,$1503.96,46127d94-f52e-4914-8666-e8e7643f5a05,358700590-7
390,3559394226124663,2019-08-06T09:29:29Z,$1248.15,d1bf96a3-425f-4949-bf64-ab35f2c1dcfe,909260358-9
391,3589158632028709,2019-07-11T20:34:22Z,$1919.09,0d4c7c49-982e-447d-bc83-89a14ba9a808,839649864-4
392,6759906665506273739,2019-07-24T02:57:04Z,$337.62,87224fd9-04cd-47d8-915b-7158db01ae49,156580213-6
393,372301764903631,2019-07-23T22:18:00Z,$1526.57,742fc6f6-096e-48dd-9f31-5d400e5627b7,815114510-2
394,493628337400827684,2019-08-04T06:09:51Z,$1982.50,e9b70bd4-b3d8-455e-b1c4-909bcf9062dd,579172254-0
395,3562379894621863,2019-07-27T13:34:45Z,$4033.63,d6564055-9ce3-4c9b-8675-2010d514a571,579706798-6
396,4175003415452825,2019-08-02T01:32:35Z,$765.60,89534e98-58bf-4630-9bca-a82c9227985e,850873708-4
397,4903319361988340561,2019-08-02T14:09:20Z,$1079.47,347fa7c4-6da8-4b1e-8b93-3df00b477fc6,592463524-4
398,3548886306052817,2019-07-17T22:33:08Z,$3668.16,0ae688b1-ea7b-434d-bc54-bbd45e4689fa,375579022-X
399,4905337922479591,2019-08-02T08:09:38Z,$2055.94,7e3bbb14-af22-483d-8ba9-b332d24dd79a,517895851-9
400,3550596038413535,2019-08-01T09:02:45Z,$807.43,57deaa6c-dbfc-445b-a787-038f04fc5580,294692308-8
401,374288737526151,2019-07-11T02:09:25Z,$1242.46,324dd20a-ff77-44c5-a50e-499b44a68641,146366538-5
402,347536065174422,2019-08-05T12:13:38Z,$4813.69,8b98b121-5057-427e-ac3b-0050f6d41144,545299021-6
403,3569334581245586,2019-07-13T18:32:53Z,$1780.32,bc7ff1ff-74fa-4e7b-97dd-a46f33ae71c3,005195405-2
404,67715499819936765,2019-07-31T00:05:53Z,$4668.43,c5f1ac5d-8a74-4297-86b0-6f6425db253a,193611561-1
405,30286457682648,2019-07-28T05:33:40Z,$2283.04,443df101-3f7b-41a6-ac32-f2069c52f4e4,236741151-4
406,3534474598378657,2019-08-04T15:34:05Z,$125.28,6fa782ce-c742-4bf6-8d10-2b1422c0cde9,074388555-4
407,560222600719246219,2019-07-10T14:59:20Z,$1628.96,8936e0fb-507c-4108-b0bd-5137efdfb992,495513606-0
408,30235029276850,2019-07-31T09:44:10Z,$3455.98,6db962a7-2ac7-4f36-b277-7ce73a042a50,269709176-9
409,6378532776268636,2019-07-19T03:50:49Z,$4144.72,46f5edc8-c647-4400-90ab-b54a89ed6d9f,647727039-0
410,56022409329672405,2019-07-13T15:00:47Z,$2576.05,187993a9-b6f0-4196-86ea-9c2ddf7419fa,272187628-7
411,5602228327755946,2019-07-11T08:16:37Z,$4139.98,db644ab3-b346-4e0e-9e63-d29c6de4d11b,346264134-4
412,5007668124523685,2019-08-07T19:03:15Z,$2668.50,6c054154-8b8e-40c7-91ee-3cfb4b787f32,246044566-0
413,3578578405671034,2019-07-24T00:51:54Z,$2897.22,e699a78f-6824-4c2e-9dac-ecea42389012,556582878-3
414,676177281204801245,2019-07-15T16:31:05Z,$3827.43,d7cfbfca-9a47-4bb5-9497-3d1e2222ca29,489315259-9
415,3582699857850324,2019-07-11T00:19:36Z,$1671.74,4efe6b3c-778b-4069-a027-c09fbe839c5b,726335692-9
416,6392543909129209,2019-07-10T07:29:09Z,$226.73,d440c2d1-58c1-427e-b2b9-2c0001862b0e,998218815-1
417,346763607535123,2019-07-28T12:52:37Z,$4322.15,d74efcf5-3c9e-4b6a-af2e-0803917dc606,100352280-7
418,5048375816150766,2019-07-13T19:44:43Z,$3494.11,d0392763-b75e-4e28-95cb-16ed95cd6988,793602554-5
419,3561097786774134,2019-07-30T18:30:46Z,$3873.14,578ba506-1cf2-4869-98e6-cf6cc27ebc17,572381795-7
420,3530770990325376,2019-07-21T15:14:47Z,$231.59,280ae22e-8013-43a7-82c4-0404708e68f9,347314844-X
421,6762369787901277232,2019-08-05T02:45:03Z,$1175.66,7422066e-c8ff-4b10-8080-7d8fec902757,474639427-X
422,4405033474922410,2019-07-16T12:52:03Z,$1969.35,f4ff31c8-c7ff-45ef-9d2a-851693417739,236174391-4
423,341575252021760,2019-08-03T10:05:33Z,$4808.86,e34ffc61-b76c-4d76-a63b-f8dbf4ba377f,003729788-0
424,30341324544966,2019-07-31T20:06:27Z,$2040.14,336efb8f-ab98-4109-a91b-a3c4693eb1f8,548893135-X
425,6767953721466605,2019-07-20T16:24:34Z,$2384.76,0039e28d-9070-465d-bdad-ce568d149a17,560981757-9
426,5473667131018262,2019-08-01T10:40:32Z,$3659.75,1bf80153-7864-484c-9604-2e2b1fb446f6,852991031-1
427,5610664088330190,2019-08-01T11:51:45Z,$463.12,be6164fb-01f5-43db-bf4f-586ae9d02a4c,584045794-9
428,3569850329742493,2019-07-30T10:08:16Z,$2641.67,4f089d14-4a31-4c51-98d0-bd31b1e7d255,784891316-3
429,5002352608492007,2019-07-28T19:35:32Z,$2294.30,914a57e1-9864-4c7a-a32b-a3a8bbf02584,347447610-6
430,4405202986285505,2019-08-07T14:13:42Z,$3246.93,230c4e22-f09c-4545-96b3-21a564f9bb0b,163257921-9
431,30570321971810,2019-08-03T08:11:39Z,$3531.09,2609fc64-925d-4bf3-b3a7-cfd0b2e40cef,128909360-1
432,5100132368562657,2019-07-27T04:39:51Z,$3783.75,75d7f0ea-ce1d-4561-b73e-811936b441d9,002652094-X
433,3548060222168822,2019-08-04T11:33:26Z,$2919.56,72133288-8d0d-4332-99c8-1ab5b43909a7,277890651-7
434,6767722489403366396,2019-07-11T17:02:19Z,$565.45,856e0274-400d-416c-b141-63530a8a92ab,718252014-1
435,3576962924178592,2019-07-10T03:55:27Z,$2197.22,d9d877ca-27ec-4aab-aa74-314571d57a26,226256474-4
436,374288026374412,2019-07-10T17:44:52Z,$1982.75,7a72567c-8ea3-4b66-9f06-f66b4372af3c,056614410-7
437,374283700029341,2019-07-21T13:03:50Z,$1518.00,c3356960-5a43-4c38-9f92-f21c420c4f86,863374178-4
438,633110407427669710,2019-08-07T02:28:52Z,$3020.11,ec5eecc9-1b15-46df-9c51-6b79d6aba9da,505094567-4
439,3550943405773432,2019-07-23T22:25:36Z,$4777.13,474053db-ec0a-4fda-b0c9-eeb4f943cdd3,835113418-X
440,6763530058204077212,2019-08-02T07:17:34Z,$2253.14,584781c1-2cf6-48b9-a982-af8f1114acea,243670856-8
441,3588280118619834,2019-07-23T19:16:05Z,$4104.78,cea4c099-8df7-4dd0-b683-d43446e46933,619022377-X
442,67713898721725624,2019-07-12T09:30:29Z,$1633.86,504c8b81-1166-48f5-b97e-3b188b2e5f53,846750742-X
443,3581788046854411,2019-07-15T11:37:37Z,$4950.80,f5bf6047-1c5b-49f8-8739-4da3c86dfc34,817678860-0
444,670696522588482390,2019-08-06T20:20:25Z,$3707.14,ea93ec5b-28c2-4d07-aaaa-776e71ebd430,470103220-4
445,5002356230525811,2019-07-27T16:29:42Z,$4720.86,f68d4b7b-5748-4832-9ef9-56ec1dedc023,798279991-4
446,4041593208283,2019-07-20T23:09:45Z,$2005.26,c55770f0-0a72-49fb-8b5b-48e72ddff2f2,008349828-1
447,5602246857569867,2019-07-30T03:55:13Z,$2872.59,8f0b5e5b-31f9-4d77-9f81-9c7deb10c4ca,880658369-7
448,5501835624135226,2019-07-11T19:32:02Z,$1298.95,5a291de7-a08d-468d-8f3e-ba819b22aa76,431646738-7
449,3543248488745244,2019-07-18T12:16:10Z,$4256.17,e9792f4d-3a4a-48fb-a6d1-9453a32a2012,536895536-7
450,5002350723065559,2019-07-14T09:40:57Z,$4841.21,a8081cc9-2b92-4354-80ae-88d0befa96a0,335497550-4
451,3574781799625244,2019-07-22T10:59:18Z,$2151.79,b77a6214-130e-45d5-95db-2a3588b63049,743470711-9
452,3585817798376558,2019-07-30T21:08:06Z,$3424.26,10dcd536-2253-434a-ad50-eb3b25e9fab0,227693682-7
453,3579931741108915,2019-07-11T20:31:46Z,$2188.93,f3d2def2-2fd4-480a-a5a9-024285d8e022,246129611-1
454,5602243835338176,2019-07-31T02:35:18Z,$3710.71,204f33ac-a4a5-4b54-a609-7b812bbe8437,615129233-2
455,3569940815984848,2019-07-13T22:23:43Z,$3689.51,22cc34b8-9117-44e3-86c2-79476267fecd,164467791-1
456,374288616341078,2019-08-05T07:18:08Z,$4342.87,e80ec975-d736-49e8-8221-d7fd9d75efd3,206595142-7
457,56022181149488813,2019-08-04T18:09:41Z,$3891.39,75eaf422-9684-4179-87c9-5fca34b1ce1a,348823506-8
458,5602253757997578,2019-07-28T01:20:12Z,$3038.27,c679b070-cfa2-4caa-bf85-1f11f340191e,802275453-6
459,67625781494506883,2019-08-04T04:15:24Z,$1311.09,24adfbde-fabc-40c0-9c74-64d613e6faf3,480262644-4
460,3541771197859875,2019-08-02T06:27:55Z,$1224.28,36dcbb80-78db-4299-a9bc-aee050b7c381,671384942-3
461,201569254422521,2019-07-31T23:42:10Z,$2371.47,601fee85-dba2-4b9b-99ee-fb06e4370f5f,647590992-0
462,3577154968682072,2019-07-23T03:54:53Z,$504.44,f09e8152-1218-4af5-95a7-9aa5557541eb,518058264-4
463,5602235688233462,2019-07-14T14:36:48Z,$1457.22,d03658d2-4113-4593-90f3-a44707d7111b,059614308-7
464,3578858929703194,2019-07-13T12:28:10Z,$2054.34,9f0120ba-3817-450e-9221-3f5ebb19bfd6,469765731-4
465,201950596168990,2019-07-16T21:38:08Z,$2166.55,625c2ef5-eaba-4229-ae2d-010a427b981b,191120004-6
466,3545697880417182,2019-08-05T17:03:11Z,$680.56,87155890-7e47-4eb5-9783-07d3839592d0,499560987-3
467,3544445370412490,2019-07-23T22:41:04Z,$3643.35,4760dcc5-a311-4ff3-b810-8ffc19ecbfd8,430556340-1
468,633110707667883677,2019-07-17T14:08:34Z,$3671.54,413948b2-af05-4405-8762-0fb9ed119396,613556168-5
469,5020754451177676,2019-07-26T19:31:05Z,$1642.90,088736e1-37fe-4bf3-ab5b-506e1ca3bfd5,927587704-1
470,3588927418562656,2019-07-23T19:42:03Z,$3005.28,e1fbaf33-f330-476b-8708-5bd032c79cfc,554536182-0
471,676702465612893050,2019-07-15T08:11:46Z,$3808.55,a4dee27f-dd1c-450f-9b4c-2cc91f81bc29,555937345-1
472,5108757426329541,2019-07-25T19:53:35Z,$2657.23,718715c0-c3a3-47b7-b242-673054276501,383737206-5
473,5108751921841514,2019-07-27T08:11:18Z,$1338.14,8914530d-63af-4d59-9f46-c036b34fc261,890695564-2
474,3569332346707015,2019-07-10T11:09:23Z,$4304.25,8f2c4a18-e663-4612-b75d-473cf73d9cbe,339382020-6
475,5602219712400750,2019-07-24T22:52:57Z,$769.92,91b3c94b-9225-4a55-be04-03fec7864bea,051262081-4
476,5602252869262467351,2019-08-05T01:13:51Z,$222.09,759f2b23-d60f-4f3e-91c8-de534240b0e7,391384355-8
477,5179615803517449,2019-07-12T22:04:35Z,$715.43,d90ca47e-ac2c-4653-a68f-d7116ed330e4,006974651-6
478,3530971476186080,2019-07-21T09:49:32Z,$3001.90,bf92b35d-592d-480f-9368-e2d0d32a115c,261058511-X
479,3558021174385787,2019-07-29T16:50:32Z,$260.85,77c1d575-be40-47d4-a581-dfc28c8113a9,594824322-2
480,560222703951542061,2019-07-15T14:18:44Z,$3297.75,d6f96fd2-3973-4693-8e1f-c1e9424d0c4d,013742586-4
481,3580949776177933,2019-07-21T23:50:02Z,$2062.22,ab72960b-2a4e-49d2-8c9a-02701c54f140,936824769-2
482,3566969885625877,2019-08-04T12:15:40Z,$26.88,7446b921-6d95-43c5-95be-de684892b1be,824789767-9
483,564182339737720992,2019-07-23T04:05:00Z,$1638.13,f43180f1-1feb-4666-a6c1-3378327c3dc1,926236385-0
484,4041599944428,2019-07-12T03:26:50Z,$1394.63,8f13711b-e30e-48af-9521-67985dc00e90,944880735-X
485,4913100621666995,2019-07-27T01:47:58Z,$255.25,fc57c285-015e-4cc3-aa15-912ca772e4b3,538651732-5
486,3540654313515830,2019-07-14T21:57:01Z,$1160.85,5042dbcb-87f4-4374-8722-58fc69ab4108,632738807-8
487,4017954645297,2019-07-19T01:55:56Z,$3201.55,c934c928-7246-4aa0-9a09-0735487d06ce,861486846-4
488,5100178579342918,2019-07-12T01:08:23Z,$729.26,36a34554-f7fc-4724-aa34-cc3e49de164c,463972317-2
489,4913645667938484,2019-07-09T21:28:17Z,$2887.32,07582c25-ffbd-4d24-874c-79c66e07cc35,000137528-8
490,30016386052716,2019-07-28T19:04:24Z,$3503.79,8710c0d2-a659-44b8-ac10-e0ee344d0c51,892786687-8
491,3575471858300777,2019-07-19T03:48:39Z,$45.64,148f4549-b87e-4829-82ce-55d0bed5d620,224620680-4
492,4405490253820795,2019-07-10T03:16:46Z,$1048.36,4460a3e6-f5d3-4a23-a6d5-11322e71efd2,552445553-2
493,372301323504813,2019-07-16T23:20:46Z,$1653.29,6e16ed70-a084-4db7-b57d-ae7ac4ee7c3f,830568166-1
494,3529088414474453,2019-08-04T22:32:57Z,$3504.64,a1dceac5-816c-4396-95bd-2175f2031568,373286096-5
495,56022364051530141,2019-07-24T15:28:03Z,$187.71,068cdbda-0c95-4c6d-9619-cd0046a7cf64,907504264-7
496,5602247176167862,2019-07-20T20:57:17Z,$217.46,5be8d299-e000-4374-911b-e4d364975a20,057041686-8
497,374288828090117,2019-07-17T20:40:24Z,$1069.21,cf0540bd-aedc-4a51-8abd-5be8d2798231,781599758-9
498,3566229289642220,2019-07-28T20:38:47Z,$2129.09,744f0c6f-4cb5-42be-9a88-289b1daaec55,814011848-6
499,4936829067849854350,2019-07-18T18:04:06Z,$2737.10,b0b0ae98-4d9a-45c4-b206-0d61ab8425c8,926822413-5
500,3565183876700266,2019-07-30T00:30:23Z,$2539.65,6194d5ee-b58a-474d-bb25-56b59940777f,507114093-4
501,5100133030175910,2019-07-20T07:30:03Z,$1252.51,45c71a4b-067e-4f1b-95f6-35d7829b5ced,436706682-7
502,3538835319306704,2019-07-14T12:36:07Z,$1350.00,c47ee465-6de7-46ac-872e-92a73b68e1a8,251296450-7
503,3557869046233234,2019-07-28T03:10:47Z,$2589.67,a77597d4-d841-431f-8780-c8b0939e8452,371385998-1
504,6333953245437061,2019-07-12T12:30:32Z,$4502.49,f7315769-ce39-4ab7-b8cf-d8f68070a72a,133375015-3
505,0604236860789908,2019-07-28T00:41:17Z,$1602.49,0a3610aa-a989-4118-b993-216f5612567b,112578577-2
506,3532332501320806,2019-07-12T23:30:44Z,$4748.56,c4d976e3-9782-498d-874e-ef8a1c547187,274401256-4
507,670649580346538521,2019-07-20T20:57:07Z,$4458.39,0dccef3f-7b9a-4314-8c27-a591220744f8,746064693-8
508,3579876416084133,2019-07-20T01:45:48Z,$3624.87,cc87f37e-b2ea-46b2-a95e-73893406a233,452565743-X
509,675920983284343038,2019-07-15T20:46:23Z,$4148.14,c528440f-280f-409c-ae84-9dacbb15a179,937308584-0
510,3543899535963121,2019-07-15T13:30:42Z,$4138.96,f6510955-7d2d-4f27-a1ed-acdfaf6c958f,733755612-8
511,374283872091467,2019-08-01T11:36:34Z,$2249.24,2383ba16-4080-45b1-b215-f1fe07189e68,631891985-6
512,3550600723816554,2019-07-16T08:22:30Z,$1477.39,2425ef81-fca6-44fe-a6df-68da335ea418,011895097-5
513,5048378647151649,2019-07-16T08:13:12Z,$4732.59,f28a0191-1e37-4164-afa7-29131fef73e8,685729358-9
514,4844502911777586,2019-07-28T07:03:44Z,$4173.46,19a347d8-28a7-4844-a0c1-5b3e9a501d27,840987775-9
515,3565850603540005,2019-07-24T07:17:36Z,$4956.94,aa6e5f72-5417-4960-81db-1b10dabcd585,135852260-X
516,3561613466440620,2019-08-04T06:29:34Z,$2282.48,18afb6f7-c57e-4e1a-99a8-c71b59f48230,464311207-7
517,6706724525161673261,2019-07-21T04:36:22Z,$459.92,89c1ec20-e694-45e0-aab5-2a93621d67aa,174026696-X
518,374288579532705,2019-08-07T18:49:40Z,$1710.26,90c87522-55d6-4c80-af82-ce346661a31e,877250394-7
519,3574221601560479,2019-07-13T07:41:24Z,$3736.16,fe127416-7f12-48f1-8643-649522bfe590,138343332-1
520,3544154937895839,2019-07-13T02:17:24Z,$4556.08,32cef28a-7fe8-4b24-8bfb-c08aa50671c7,172731647-9
521,5602214383408679,2019-07-17T22:41:52Z,$1994.62,5f071fbc-475c-429d-a89b-99421ad95441,256134766-4
522,3587631202752801,2019-07-28T15:59:27Z,$4627.71,d55a7f40-c2f4-4304-8719-416b3f4c9053,312320365-4
523,4555810023001,2019-07-28T13:05:46Z,$296.74,acb1e3c4-5921-4f9b-b8f9-c6e1f16dadac,978814505-1
524,5142751432676472,2019-07-13T12:33:33Z,$718.34,c7701baa-b2f0-4b3a-b9b9-e76ca3fbe443,309909429-3
525,3589299659189238,2019-07-19T21:14:44Z,$2289.40,7e3ac5bb-82ff-4dda-869e-820b8605d229,839784167-9
526,6387492654308302,2019-07-12T18:51:37Z,$1974.91,0d65e462-8d6b-4510-9225-84e48705fefd,916789930-7
527,3553465692071483,2019-07-23T08:07:56Z,$736.52,3682d910-5c81-4396-b693-4e791a6b5e65,170926627-9
528,3542191956135624,2019-08-05T04:29:19Z,$702.47,23983544-2f2e-40f0-92b1-5b8b80c2a57e,260595250-9
529,3550695466949299,2019-07-11T17:46:13Z,$4055.16,6ad4c0ae-994f-4233-b81e-b413d06dc4f7,714642527-4
530,4903905760224597662,2019-07-10T05:19:02Z,$4546.21,3f5c720b-6afa-47c1-93e9-394e4fec2357,149560171-4
531,5602240171409293344,2019-07-19T05:53:44Z,$2282.39,63184ed6-a2e4-4a21-a995-daa13da1e5b3,710303557-1
532,3557365337777336,2019-07-09T14:56:12Z,$2012.81,6e64c329-9f89-40e5-bc39-937fa0f9d29c,845570669-4
533,5610463137537909,2019-07-24T19:50:24Z,$584.87,95911e14-57ae-4e36-a6b6-b06aae45d05c,148011544-4
534,6390209933751754,2019-07-15T07:24:51Z,$3981.82,0c285b83-f241-43da-a7b7-8d9336489295,506921817-4
535,3559343797709626,2019-07-18T13:18:16Z,$2448.91,4e70cf23-705c-4fed-a823-0d62c095c32f,238622620-4
536,6399269291198411,2019-08-04T02:13:42Z,$221.11,176bccdd-bce6-4425-ae4c-4d66b66be7e6,156934047-1
537,374283444176143,2019-07-30T08:14:02Z,$3978.20,394c4642-1dad-413e-973e-f671320e054c,656366127-0
538,63048122914337302,2019-07-18T08:02:34Z,$3209.44,dbff0ef5-62b4-49c8-8fdf-6d80f50d38d7,935726939-8
539,4917802632927086,2019-07-30T22:25:27Z,$3682.57,1ca7e2fd-bb68-4cfd-a7a3-91f95b695708,439425142-7
540,5602252086302062,2019-07-24T04:10:24Z,$170.87,1d7055fe-ad34-4e5c-b58c-963a38e4cb77,890889451-9
541,36430186789829,2019-07-29T06:18:22Z,$1495.99,a49a5c0c-5e33-436f-ae1c-a4faa3f8677d,676449665-X
542,5602216742682217,2019-07-12T14:49:24Z,$517.04,4378da3b-0132-4182-a26e-63e74e15651d,249098397-0
543,3572265798552213,2019-08-01T03:51:41Z,$1452.45,7bae0095-1181-4500-b34f-393e22ce3f7d,740196934-3
544,30372667543612,2019-07-18T13:58:22Z,$577.55,e47c3106-7f74-4469-8d87-d250549841c8,768337123-8
545,5266073209186803,2019-07-14T02:25:06Z,$2990.03,3ccd4e21-79ea-47da-8567-5c4eb5731b79,700571553-5
546,3572682717429135,2019-07-22T21:20:20Z,$1211.31,291be327-d0a7-477e-9f3e-a2c1964a7f78,339176563-1
547,3548564314715283,2019-07-31T22:17:14Z,$593.69,1aeee07e-b0e3-4db2-b396-69b2e7219de8,165840228-6
548,6761741288052202575,2019-07-26T14:15:53Z,$2532.87,698e0db4-4524-407d-88e1-9eda47c33b8b,003637348-6
549,3573693292996223,2019-07-20T04:24:23Z,$3920.60,d09cb732-2f41-4bf7-8af9-c5fb75a510c4,993328147-X
550,6333299379423884102,2019-08-03T09:12:21Z,$4732.65,534e07ae-c845-455c-b67a-fa0e1ef43de3,397417859-7
551,3531905356821308,2019-07-27T13:43:27Z,$3554.85,47769974-67ae-40ed-b3fc-449825b71ae6,914038967-7
552,3572672291396339,2019-08-02T10:09:12Z,$2896.79,c0639ad0-fad4-42d0-a816-f1b4f3d5c402,876120765-9
553,5529549997044307,2019-07-31T12:39:57Z,$680.87,28f049c9-739d-4be0-9a50-260eef04fefa,996334253-1
554,6304351455337169,2019-07-20T14:27:29Z,$3579.53,4ac2c498-4d72-41cb-a3fe-cb571353d467,111235523-5
555,3557062158630211,2019-07-19T01:09:04Z,$4313.44,0b20bb2d-b21b-4bbf-abc1-594b441e784f,554317231-1
556,3583058916608927,2019-07-22T23:23:33Z,$1821.85,b81a84b5-28d5-46f5-b046-585503db55df,231752280-0
557,201478657357534,2019-07-20T22:03:42Z,$373.44,db0df121-bedc-49c3-8755-d1034503b42f,630796190-2
558,3551275691885235,2019-07-13T01:04:16Z,$1479.36,91cac845-e30d-4757-8054-b666bc354acc,961762462-1
559,3544022170409776,2019-07-26T12:22:54Z,$3170.68,61eb2eb1-bc21-4867-bdb3-101a67ed4785,474063856-8
560,374622989144166,2019-07-18T22:43:45Z,$1262.22,1b242cb1-2bb6-42cb-9678-f8d611a355ba,806847135-9
561,3567051699095222,2019-07-16T16:19:05Z,$1827.48,ffca7444-189b-41ab-a4b9-0bc9648fc4b8,652798038-8
562,337941893595164,2019-07-17T14:41:35Z,$3494.82,abe63f2c-78d6-4930-821e-e2dfcfb7f431,850556615-7
563,5002354268512231,2019-07-21T07:16:21Z,$986.16,6b38d8d6-d7ee-4954-bffc-84d69586053f,166879481-0
564,337941624086673,2019-07-10T20:19:12Z,$4047.63,d4b0c0d9-a954-4f00-85e9-9f45e0a84f7f,402092679-4
565,6334694257873640,2019-08-01T23:20:25Z,$3563.59,fa6f9408-7174-42c1-b780-50dd6f2f00ed,631890432-8
566,3568590317034302,2019-07-19T23:35:07Z,$3988.09,f8491b4a-1169-4861-b887-b039fbdad274,074230258-X
567,6333426526598974953,2019-07-31T07:02:16Z,$800.85,5d1cd782-7077-4f78-ae4c-62b846781cef,345026641-1
568,5562152254556952,2019-07-10T02:17:55Z,$3404.99,a3447784-9e26-4f23-8bc9-d4a918ecf4b9,513392785-1
569,5602259478978888,2019-08-02T02:34:42Z,$2837.45,c6e811e9-80c7-4bcd-8a08-baae07fc755a,061810912-9
570,5602246306540254698,2019-07-10T03:46:46Z,$1016.27,d8db8bb7-2094-4cf8-b2f4-0931a999f164,718978899-9
571,337941075934215,2019-08-03T19:13:41Z,$2005.02,dd448e15-907e-4537-b932-93d0522836a7,830640439-4
572,36308620763347,2019-07-23T21:31:16Z,$47.31,f807caed-39e3-43b8-b63e-4d1fcf4ed6f7,392291851-4
573,3541108241077834,2019-07-17T01:36:39Z,$722.72,38fe6a0e-0725-44c9-9774-15e0f6124298,969738960-8
574,5007668405020195,2019-08-01T20:34:46Z,$4484.57,18cb2ec4-ce1e-458c-98ac-8840c184e15f,831534299-1
575,5259471701995268,2019-07-21T00:55:30Z,$2831.01,9d1acba2-0719-4d3a-be6d-9c2f3d47d181,650385341-6
576,5100137661991453,2019-07-19T05:41:02Z,$2344.94,726c86ad-4304-4872-ace1-7bb60761ec14,052407998-6
577,5576598681150815,2019-07-25T17:55:39Z,$3795.74,6666bf52-b446-4cb6-821e-9b79dc0bfe3c,673617980-7
578,5108751836006377,2019-07-19T09:25:17Z,$2016.56,e347bf69-8f0b-4daf-84e6-c4963a3100bf,657629361-5
579,5100141731637864,2019-07-23T02:52:56Z,$3133.99,5226d802-71a2-4401-9eae-c2a2b5a95578,832422838-1
580,677105032044640607,2019-08-04T17:01:51Z,$2166.20,1bca27b5-f43d-40b3-9b36-7da4b1ff85dd,615213824-8
581,349446290920078,2019-08-05T05:23:10Z,$3851.68,f14c46d3-7f83-4ff8-a7cc-29606b5860a6,450348210-6
582,5482384342550930,2019-07-09T03:53:39Z,$1247.36,cde71f62-39db-46c0-a498-af68384e56d3,213004331-3
583,5602253258167986,2019-07-24T04:55:47Z,$1899.58,dcf0c8cf-4728-4275-b013-5fddd6773d9f,201411480-3
584,3578778884771236,2019-08-07T02:28:26Z,$1589.37,c37afb05-8134-4770-ab7b-a705db508ab1,237571274-9
585,6709820391762326024,2019-07-12T18:20:15Z,$1683.16,8df1dcd7-edd3-4661-880b-e215ffc3a268,706411490-9
586,6767951539976907919,2019-07-25T09:36:27Z,$1595.23,6a0ca1fa-a23b-41c1-95cb-4f1cd511acce,591767525-2
587,3581493870042403,2019-07-28T06:57:46Z,$649.12,0cf47e46-1918-4168-b1cd-d54a41324153,575203248-2
588,5048375423234540,2019-07-29T15:42:45Z,$2550.01,3bf01c5d-d4e9-4d99-a482-49343653b177,929867239-X
589,633443525547592872,2019-07-30T00:55:01Z,$3887.91,cfa08cb9-c735-4ac0-85b9-eb4707a22c89,526933839-4
590,3539845513250649,2019-08-05T20:17:20Z,$1266.79,15c63f1a-67db-42eb-b3ea-01107229574b,838158625-9
591,5100170763676201,2019-07-20T08:01:21Z,$3925.00,d69bb1c1-ce7a-4486-b0fd-a97ba3f682a2,655479822-6
592,3548737357078724,2019-07-29T05:40:45Z,$1884.80,2e90ea93-a1f1-43d5-8d90-b15a2150a853,084233366-5
593,501875931492096040,2019-08-01T01:04:03Z,$3502.80,c0517994-99b9-4cd5-bf4f-19ba16c4876b,877861289-6
594,56022515627643888,2019-07-14T10:08:56Z,$1343.69,bb1c0ed7-b261-4847-84fe-7a24b51e1f4b,422036826-4
595,6393779121739297,2019-08-05T05:54:00Z,$301.99,a87882b4-9849-46a3-8fc6-25ae842e6354,763424084-2
596,3546818974018558,2019-08-02T03:06:54Z,$3383.88,531032d0-ff0b-4276-b8fe-67e49b02e54c,245257944-0
597,374283578148983,2019-07-28T22:46:27Z,$4265.04,cc9160f5-7411-4e71-ace4-cd5b5287709c,147012655-9
598,50384561093421032,2019-07-11T13:53:37Z,$1391.36,4609bcf7-ae78-40d8-ac65-aee39a3695f7,695528253-0
599,3576332652839213,2019-07-20T14:40:17Z,$1910.17,3b4f91c5-6faf-487f-85ba-9097c8f703d6,276527537-8
600,5100131967688772,2019-07-12T00:28:39Z,$2149.62,d25a3a56-9b1f-4363-a0ce-ebc0d9f1d70d,907524569-6
601,5343894365635599,2019-07-28T11:14:27Z,$2034.13,710f84c5-5291-4779-ace7-52a9f4d9c646,682090520-3
602,3528581077123293,2019-07-29T14:24:48Z,$4241.02,23d672e4-80eb-4672-8f7c-694e73fc6d3d,034030642-4
603,5602210810947297,2019-08-07T17:49:42Z,$2622.18,3cd6a1a8-e37e-4414-8ef7-11c78da2a6ca,400389719-6
604,6387701634548864,2019-07-18T22:19:39Z,$1375.46,dbe67a0e-d47d-4108-a72a-21598d14e63d,779686478-7
605,5458793146409269,2019-07-09T10:01:19Z,$2160.99,95792bc0-7d84-42b2-96a2-221e49b9be8a,087523475-5
606,3578601269684099,2019-07-17T20:08:03Z,$3274.93,602c5c39-039a-4b39-81d1-9c336d004480,941480032-8
607,6371146655841111,2019-08-07T01:47:51Z,$181.61,8439d1b7-bddb-4220-aad6-9f54066b286a,287206817-1
608,3588709168144244,2019-08-05T19:24:08Z,$3816.46,9a96daf3-5ac1-4b7b-9712-c5083c453cb2,307212447-7
609,3554461548039450,2019-08-01T21:32:21Z,$3176.30,3fc213ea-1517-4a5c-bbf7-2aa6a03b7670,732960050-4
610,490352233979601691,2019-07-30T07:09:33Z,$4325.70,42550be7-01c3-48d7-9f27-38af54259cc7,819947441-6
611,3566640210383397,2019-07-13T08:13:10Z,$4596.60,423a484c-3cf9-42a2-97cc-c07b7cea3579,462555845-X
612,67619904304103166,2019-07-11T15:26:38Z,$4228.75,c436af4d-707b-4c2f-add2-f41f5dfb7c85,117789102-6
613,201874363574018,2019-07-16T05:28:01Z,$2032.83,6874ecc7-7b6f-4611-bd58-aa7e559ff747,532167243-1
614,3542234594943494,2019-07-17T13:37:49Z,$1851.59,bd459113-257b-41b4-a2e8-ca73539902fa,007484116-5
615,3565435732734347,2019-08-01T04:06:21Z,$114.48,f1eb6294-75fe-484a-9d2d-6c897e9f12b2,828641717-8
616,6759587359187610,2019-07-23T16:52:19Z,$4757.56,ede5e333-4ead-43c6-bfe3-96eeb2f5c9fd,768011267-3
617,493615194002232119,2019-08-04T13:03:31Z,$3850.56,02f9311e-b3ab-40ab-ae0a-9da805960100,944039869-8
618,3573548378780216,2019-07-28T23:53:23Z,$896.25,c483afb7-13d7-40f6-a7f1-b7211b8a89ec,731041192-7
619,3539147016392931,2019-08-01T02:48:54Z,$4896.65,daf19d6f-2bf1-434c-ac66-2acf9761118b,759121441-1
620,5108750256422148,2019-07-16T23:15:22Z,$1125.03,5ffb33b0-b8f6-49dd-a064-d20cde00f7c3,601488333-9
621,633499577200490517,2019-07-19T17:28:32Z,$3250.70,c9b43e36-046a-48fe-addd-2f2c8ce52efc,855070191-2
622,560223378658456037,2019-07-16T14:05:24Z,$854.16,15744244-6957-4b6c-91bd-a3ad05b5c646,721918611-8
623,3566448950514134,2019-08-07T22:24:02Z,$3256.09,3f67dbce-0f93-4773-9652-eec811d680e0,750456002-2
624,6304996524079919,2019-07-18T11:22:36Z,$2.96,401683c6-ef5b-458e-a8cd-42463f749703,929106840-3
625,633110822914601036,2019-08-01T17:55:31Z,$2190.96,f8f39ed6-5617-4251-ac28-0af6caa056c1,804999376-0
626,201971450104186,2019-08-03T08:43:20Z,$1043.51,79469154-3906-4c05-8c44-2c6425f0d14c,366827751-6
627,337941762698529,2019-07-13T00:09:14Z,$2434.95,be403be2-1f22-4b18-9528-a9f327b3b280,001756471-9
628,5048378342076737,2019-07-28T21:35:57Z,$1720.26,4cb65d82-f8ed-4f07-8f75-d3e8170e3df6,659734147-3
629,6759021447683380,2019-07-09T01:36:49Z,$1132.60,e9af9672-4f2a-427b-9873-f6452c74bb47,831827030-4
630,5108756222973296,2019-07-26T14:48:50Z,$1137.78,27d1f625-0570-40ca-a066-bad5ee09e9c4,714235672-3
631,3551639358907824,2019-07-25T00:46:34Z,$1842.17,5d2eb4dc-55a4-4937-840a-cb5affe92837,835875572-4
632,201691355196281,2019-08-06T11:08:08Z,$1490.05,4af5d7ce-202f-4a96-9c15-12e52cacf0d5,292624263-8
633,337941984267418,2019-07-28T23:23:19Z,$1637.56,733981f6-851f-4c7e-b9f9-4fe72be96ac4,516747811-1
634,4026025279918428,2019-07-31T21:56:24Z,$4986.12,9cceb9bf-55be-4c66-9019-914575f5c960,137927753-1
635,30011286862967,2019-08-02T02:13:28Z,$4823.29,a967fb89-8ad1-4d99-9f8c-034ad7a6e31b,034010089-3
636,675931764300384389,2019-07-24T23:33:15Z,$3057.81,b553ab50-6b02-4de7-8917-2f7fa51eb0e0,612180193-X
637,3541974710404654,2019-08-02T17:16:05Z,$4809.84,c6e556da-9cf8-4d64-b4e5-38cec1d27ffd,339251644-9
638,4017950472105583,2019-07-19T20:49:13Z,$898.27,5354ce4a-5605-49fa-b49f-8f89af5d348b,766444743-7
639,670644135600054676,2019-07-10T02:47:21Z,$3196.07,0ee6984c-afc4-4269-b72c-b152f505206a,348985209-5
640,5602219140699702964,2019-07-28T06:16:11Z,$2378.46,ebd764dd-dd3b-448e-ab8c-c89efd8d2974,054658949-9
641,6392685225743377,2019-07-29T13:12:52Z,$3903.31,7cd69a44-3ea2-4ada-a6b9-14aad27d0d7a,154772824-8
642,3588903912578878,2019-07-10T01:08:35Z,$2997.47,283f85eb-d037-42a3-bae8-e49a987889b1,518474510-6
643,493613513081396135,2019-07-20T07:46:02Z,$3818.55,3d1280aa-075c-4a90-8621-361ce13c62f1,932327137-3
644,6706058945123711,2019-07-09T07:19:44Z,$4763.99,f027b314-0280-40ba-805b-f32ffc1fe39c,329291594-5
645,6380965114672778,2019-08-07T11:05:43Z,$1249.95,029a82ea-8d69-45bf-8cf8-5d8fced7fedd,953253891-7
646,201564288277165,2019-07-29T13:45:29Z,$2906.87,10d84aa7-1e65-4edf-bf69-79c8bdc99621,241252602-8
647,3588221724857715,2019-07-18T19:06:13Z,$213.05,67f77abe-627d-413a-95f5-a8f5e416cd9b,864918794-3
648,3541847772669515,2019-07-23T18:34:59Z,$2704.61,37bc9921-17fe-4b5c-9eb5-d071626f665e,476260753-3
649,201662487249553,2019-08-07T19:11:13Z,$4302.24,6ce1a76f-dc68-44e9-8f8f-1854a822ce49,543555289-3
650,3588599697597537,2019-07-22T20:26:43Z,$4823.34,86f3ffe1-be6e-4894-88fb-d87f4bc0e6e3,021972501-2
651,36044693118313,2019-08-03T06:18:19Z,$181.83,8af6811d-91af-4fe1-89a2-ebec2d732958,423736819-X
652,3542245740027891,2019-08-07T18:38:07Z,$455.67,7c3d8277-cc5f-40a4-88d5-a4f2c2642d1d,544567473-8
653,3562696540385134,2019-07-16T02:27:35Z,$809.18,2450173c-c922-4124-9e9a-e4d5a607310d,641458382-0
654,06043430260860965,2019-07-12T01:47:20Z,$3252.25,2ed33c99-d313-45d6-9c47-1d96765cbfc8,428621551-2
655,3535998324086340,2019-07-18T17:25:48Z,$3276.23,5fec52c4-e6af-482b-91ba-74fec651f879,753528196-6
656,3545511453222822,2019-07-09T21:19:54Z,$1418.38,7616d965-c953-4f82-bbc5-8405fe5acf87,579150491-8
657,5100141273272088,2019-07-30T14:10:46Z,$4614.87,0e752f13-23f6-4d5c-973e-0c6fe1fb4091,623992277-3
658,4041598714947,2019-07-29T14:21:09Z,$1533.50,f0aa571d-d9b2-4642-8724-3ad2fa143470,121629024-5
659,4844382517904086,2019-07-31T08:36:10Z,$4442.56,7d395637-3d55-4154-b1dc-e11749b6fbd4,470906877-1
660,30240973110584,2019-07-13T07:26:11Z,$2700.48,0b9d4505-84e2-4922-bcf0-ac4c6de6b06c,780837983-2
661,4468029143976,2019-07-11T10:10:55Z,$815.23,61d46e5f-39fe-4c7c-acd1-06cb993a8e0e,347886885-8
662,5010129939709345,2019-07-27T06:33:41Z,$808.02,545412e1-0c59-41e2-b740-9c3a2f75ab57,561365745-9
663,5602226298743727,2019-07-10T03:34:04Z,$419.94,1bdc031d-21d7-4ad6-b8f5-90d4a6cc9183,237406179-5
664,3584154055946589,2019-07-13T10:54:28Z,$1905.60,a7faec57-2d05-4f2c-bde8-766f7251c707,033925883-7
665,4175008659524643,2019-08-06T04:48:15Z,$3393.07,d1c33ce5-cd40-465b-98f0-0a04b8427b32,429219362-2
666,4041590678413512,2019-08-07T09:06:01Z,$1721.00,0dae33d7-765c-44f6-a91a-f45dd3415883,206833106-3
667,5602227404088403,2019-08-06T16:05:09Z,$3914.33,0ee2fa33-7644-4ffc-a134-7b56213c510d,324157346-X
668,3540746732662597,2019-07-16T04:31:32Z,$2932.33,af75d1e8-a26b-40c4-8198-049b9c66b5d1,711487871-0
669,3556946282199666,2019-07-30T11:02:43Z,$1548.75,9f87e4d0-57cc-4130-9faf-28e59ae90e6b,474027531-7
670,3551341607319063,2019-07-26T14:51:53Z,$1325.67,966ff324-6cfd-426e-9d68-b2e18d4e3196,724828791-1
671,5010126400802534,2019-07-28T22:50:39Z,$3269.76,1aa2a14e-68a0-4407-afeb-120cefc5e43a,611935780-7
672,6399305079487681,2019-07-25T02:36:29Z,$1024.27,eaf2abd8-1941-4a72-b671-c8163b40130e,030277570-6
673,3555882622649279,2019-08-06T03:36:37Z,$3822.35,d0c983ed-9180-4d17-9531-169a5c837836,459556187-3
674,3570025066457947,2019-08-05T20:46:33Z,$3965.70,e018312a-577e-4b4b-92ca-ce970ee53688,977655225-0
675,3572727598250439,2019-07-28T20:51:13Z,$708.20,0c0b4c72-5f94-4bbb-aef4-ab912d1b2ff2,801689891-2
676,3586941326722007,2019-07-10T22:00:52Z,$4895.28,85b34bb7-019e-4dfe-ad65-a34b0545922b,526299961-1
677,3573242207934505,2019-07-11T06:31:38Z,$1629.70,a42106b4-8129-466c-8ba5-8bdd284b3ece,329480041-X
678,3572469546909168,2019-07-13T12:20:58Z,$561.91,8fe0a99b-6fac-4bb6-9fc9-028874012e6b,258581360-6
679,3551874571239008,2019-07-17T13:01:13Z,$875.80,8a1a1518-b9a8-4997-8d39-bbcb92f40f7b,768587774-0
680,3536637514692447,2019-07-22T15:00:28Z,$3557.37,1517bdc3-bd44-4fbd-819c-221433b868b9,349150180-6
681,6709517367422419423,2019-08-04T23:53:06Z,$4098.84,d938e88c-ffbb-4659-8fdb-a7505fa8617a,171484883-3
682,0604282522791204879,2019-08-06T10:58:41Z,$424.30,5194c72c-fcc7-4fe1-891e-d924c046a549,528223160-3
683,503895957117957367,2019-07-09T18:00:26Z,$4033.74,7d1a96e3-4c59-4f61-9d34-071055488cf3,846375067-2
684,201997983895511,2019-08-01T13:19:46Z,$4571.36,de87d097-8a07-4b3e-9e45-be2a62538614,329216620-9
685,633110166054883545,2019-08-02T02:32:43Z,$1848.47,6b1d3e7b-0cfe-4ca3-9a31-fc31411ce9df,442524502-4
686,6304433955740719507,2019-08-06T11:05:41Z,$768.11,cc6b954a-f222-4c64-b454-0bdb4b8f87b9,856017324-2
687,6331102553201014,2019-07-27T14:15:54Z,$1765.46,cd65a45f-3043-4bda-b183-a1bc0dfdcda8,888929731-X
688,3532794516327920,2019-07-25T11:08:29Z,$2732.42,99aa16cd-b762-4b31-bbda-25264491905e,416709469-X
689,6334079333696855830,2019-07-21T00:51:51Z,$2969.15,88263be5-ffbd-4fcf-bd3f-76739e796f60,955349634-2
690,6759832322672647952,2019-08-06T10:20:27Z,$2653.97,617d136d-8c60-4e7c-a493-f0d1fc4d7f16,666835013-5
691,560221589380265197,2019-07-21T11:06:05Z,$2877.70,f332b31d-1fc1-4dc9-9a6f-fc5c10e849f9,677045549-8
692,3528460416513391,2019-07-22T23:53:11Z,$4210.42,3ded9903-7a7c-44d6-8a39-efa39c117d7d,392778792-2
693,3583181178959208,2019-07-16T14:02:13Z,$1090.91,f47db33f-fdb8-449f-9963-719a0bccde41,773745174-9
694,4913958768024579,2019-08-06T09:52:23Z,$3570.73,440379de-1f68-44fc-858d-08fac9ab9582,504660624-0
695,67625620453598541,2019-08-04T02:56:00Z,$4237.72,b082442b-9c42-4150-9517-19438f7abef7,398880414-2
696,3556562622648542,2019-07-16T23:37:49Z,$2568.53,a5e11c48-d51d-4918-9128-030dcec6338a,984399318-7
697,4905335294022235569,2019-08-07T10:13:32Z,$3049.21,551a6ad8-307b-4a62-ac75-7dd27532cdde,969524870-5
698,3588211936192811,2019-07-15T17:36:17Z,$4782.85,c7ad13f0-c867-4abf-a62c-f4e5460f561d,798769266-2
699,3541310866694360,2019-07-24T23:47:41Z,$3410.74,d79cc2f2-13b9-4739-9ffd-bce8b3e42404,373900462-2
700,3589371287991572,2019-07-18T20:14:14Z,$1516.09,4d65d556-7fe2-4a49-82e7-ef70a0f2329f,852723011-9
701,490326458425106481,2019-07-31T14:15:31Z,$784.10,b0608293-61f5-41b6-a6bf-34b93eab6b10,290193071-9
702,3555754315002357,2019-07-18T17:17:56Z,$3644.32,b3f349a9-8c83-4fb9-89e3-57f3a9e853f7,523374588-7
703,3549657285772660,2019-07-12T19:22:35Z,$920.29,0cc8edfb-bd32-4b48-a191-d6f6b32da568,368396753-6
704,5018675668326433278,2019-08-06T14:53:50Z,$2142.21,f4d5de7f-e21a-419d-b638-d0237bd98177,762416458-2
705,3537626411998956,2019-07-31T04:40:12Z,$3554.13,63b0b21c-241c-4095-b4ed-cddc7dbe7260,600497724-1
706,3541434456818096,2019-07-18T23:23:49Z,$1035.44,4dc7120c-4050-4fa5-8958-1ae74fb97b90,065569040-9
707,3570086612970007,2019-07-21T12:35:20Z,$1182.53,a7580245-eee4-44af-9b76-b7f440f71be7,694530744-1
708,3552456899194658,2019-07-09T09:57:47Z,$2146.44,0d267d9a-163e-441d-ba36-71f82b55b493,848729185-6
709,5100135344831070,2019-07-10T02:55:17Z,$3207.75,e28b2348-0ee8-487e-a25a-ea55be4f9cf3,457979603-9
710,5454570812106013,2019-07-31T18:08:07Z,$803.34,9d9e8449-1ee0-48f4-b635-f56d6363b272,490017157-3
711,3589844061188912,2019-08-05T10:19:07Z,$4441.17,39d99ea4-cef7-4b99-ad1b-f6e9e4cb558d,516986013-7
712,3585503091445346,2019-08-04T20:51:01Z,$3183.09,7156023b-46dc-48c0-8045-57f48731ebae,043148197-0
713,6392334587684842,2019-07-11T15:59:33Z,$4669.55,4b13ec06-cf8a-4bd4-9ec9-2f16eaa2efa2,097727886-7
714,3586295500645199,2019-07-27T23:19:43Z,$3682.43,896c8168-7c1e-4ae7-8bec-9460bbf613bd,020618456-5
715,3546359593347052,2019-08-01T02:03:57Z,$1174.69,07b24c76-65bd-4738-9c8c-1fd8383457d1,904815607-6
716,4508263075133895,2019-07-12T04:27:59Z,$2230.36,6eb58cde-a7e6-4411-9777-644a2376a78c,197005838-2
717,3554479909021719,2019-07-26T11:55:40Z,$3989.87,53ae6c6d-531b-40ce-a3b3-10d7d0043639,724526989-0
718,5602226294829112775,2019-07-30T02:49:14Z,$2043.18,3af5cc47-36e8-42d7-ba0e-143898028b67,484450429-0
719,3530237601717268,2019-07-31T03:25:36Z,$2363.34,1bbcccd8-3b87-4a94-8ca1-9b4514fd6095,156777189-0
720,3554550218587523,2019-07-18T12:41:04Z,$2108.66,5164f55a-329e-44dc-8e9a-efb0abbabead,340914316-5
721,5234684021778186,2019-08-03T00:44:14Z,$3937.52,3f95cfde-00b8-436a-bb9e-144f0b7a5d1a,233860181-5
722,3553587816673744,2019-08-01T07:02:09Z,$4633.13,ef824dda-88f0-4474-a73a-114687d8f313,229688061-4
723,6304495139012951,2019-07-18T06:19:06Z,$398.91,6cae08fb-0066-42a9-b9e2-3585aa67f0a5,781481356-5
724,6378916846499505,2019-07-14T02:18:15Z,$2047.86,2b7cecd3-5290-4299-b101-9374c9f0f2d1,429462363-2
725,3543198308412444,2019-07-24T06:07:53Z,$4485.26,22e717b7-6279-40d2-9bce-0d69fd756d06,660481217-0
726,36751333595458,2019-07-26T13:16:03Z,$4141.40,efd8bbdf-4fb3-4aef-9837-ef8b38d75b33,102412572-6
727,375005877269619,2019-07-14T03:29:38Z,$3030.00,a85e5d01-4aa5-4621-b7ec-39c1b5b4588f,282936739-1
728,337941687368935,2019-07-15T18:03:39Z,$1690.69,0cda4e8d-c303-43dc-b893-8d0e653904a6,219621322-5
729,5641820080034510,2019-07-17T01:07:42Z,$85.89,ce0e7d69-92f1-4cad-a076-01df8f6f3cf4,693118928-X
730,5602249075621684,2019-08-01T13:36:51Z,$703.59,7006d6ea-b7d5-4356-8853-417cb4b3e7be,866618546-5
731,5002357298995250,2019-07-25T17:02:40Z,$1425.30,0742f05e-0ff9-48de-86f7-35a41169008b,206032799-7
732,5258514106900523,2019-07-25T04:04:34Z,$4515.80,7ad1f66d-0727-437a-bcfe-8cd17258f9a8,649813803-3
733,3542837139213924,2019-07-09T01:44:01Z,$2142.30,ffe6adf2-48ea-4df6-b2bc-4c902bf2a763,907615184-9
734,6767510429928904,2019-07-12T01:32:41Z,$3273.01,73fed95c-0194-46b4-8642-1c6c6aadc862,395027578-9
735,3544693565286852,2019-07-23T00:29:15Z,$4777.06,df90ceee-988f-4a15-bd19-af0b9d9828ea,910859816-9
736,5610579189137791,2019-07-09T19:34:19Z,$3943.46,61dacdef-39ca-4556-8fc3-98d6e584843a,295949569-1
737,3562179765321993,2019-08-02T03:36:45Z,$60.02,55eca3d4-b037-4c6f-ad05-37e10acc80f4,906776128-1
738,6304312621858845585,2019-07-30T23:37:59Z,$961.61,ece77898-d3b7-4ece-b304-f3ae067c8345,288792809-0
739,3553169254834706,2019-07-09T06:53:14Z,$1278.02,d4cd4800-b827-4b50-83bc-f866984a49e4,612370209-2
740,4405299593514970,2019-08-04T15:36:58Z,$4057.37,47b767ff-966b-4298-b395-ceadc10b19af,212281964-2
741,491177661448975141,2019-07-31T05:55:12Z,$1149.12,93a7d65d-c476-47b3-962c-c15adcd7eae4,263420113-3
742,3555289878572645,2019-07-25T19:55:58Z,$4540.73,efbf898e-946c-42be-8ad3-e01616cce131,259378211-0
743,5602246263034191,2019-07-17T14:56:35Z,$3837.40,2ecc377f-2af4-4a5c-a1fb-c15516981a40,407657684-5
744,3533197221029857,2019-07-13T12:43:25Z,$1642.77,ac882b13-efc3-476c-94ed-98d05fbe3869,929935002-7
745,3553738681384913,2019-07-24T00:30:33Z,$4582.73,e0ae6766-866a-4964-9009-a252638028c7,607771671-5
746,3565250590620433,2019-07-18T15:53:12Z,$4765.93,a5f5aedf-e8f1-4421-aa93-f12d3ac5e317,844541151-9
747,3576778109638238,2019-07-10T11:10:51Z,$4528.18,7b17b842-4d74-491f-ae90-d80f35fdd565,168918633-X
748,5100173263685995,2019-08-03T15:34:47Z,$1906.14,582bc66f-3e96-4cc8-bf20-2397d0323469,831722509-7
749,3586960596617374,2019-07-29T18:27:56Z,$1174.40,2270e823-8630-4e3c-b814-781d5cc6149e,098321718-1
750,3556406462159394,2019-07-15T13:10:29Z,$890.90,f763a35a-247a-4fd7-ba1b-15fc543195cc,182882185-3
751,5541426887935205,2019-07-30T07:26:27Z,$4930.65,a86b9f7b-292a-4e49-97bb-604f00c1bbd9,985479193-9
752,5202231276362320,2019-07-21T18:28:15Z,$1964.48,f0c57b1f-d327-431c-b042-a76ed0068983,336539415-X
753,6767311709627815,2019-07-22T22:20:07Z,$549.60,6f53410b-bdba-49fb-a97d-2fe64ff47346,047655956-1
754,589388805470068665,2019-08-02T16:46:39Z,$3699.41,c184978d-722e-431d-b322-43b079b87ec9,110275760-8
755,374622689190337,2019-07-27T16:44:36Z,$264.80,35c651ba-49f2-4d85-85ac-71082e91f123,946291646-2
756,3563131998961904,2019-07-29T09:41:45Z,$4681.58,ebcf3916-f40f-469e-8bf3-ca29a767410b,969149004-8
757,3563410462780010,2019-07-26T14:02:46Z,$16.40,9d66dea5-3baa-47de-83c2-09419b933e84,176603389-X
758,4917967136315961,2019-07-25T11:37:07Z,$1494.82,ba4563e7-8628-48dd-905d-83c956170391,866271003-4
759,3558028222233422,2019-07-11T02:19:41Z,$207.31,ad85eea9-a959-4cdb-8f58-e6aa1a2c0e98,748310363-9
760,5893398505745718107,2019-07-24T14:10:12Z,$343.36,068c414c-e598-4c11-af59-951f5e99e57f,388229936-3
761,3537645199110832,2019-08-02T15:14:13Z,$4783.67,cae3caec-b3de-47e9-8673-259a9e6f927a,110423199-9
762,3534165670159862,2019-07-17T12:40:35Z,$2836.67,75032d41-29c3-4374-9542-9dce41bd000f,581036880-8
763,4041599851116651,2019-07-18T07:42:00Z,$1915.55,fd7fb347-70ad-4494-9d5e-7b98960f7685,027868455-6
764,3588241206698734,2019-07-22T15:16:46Z,$1316.99,24e17b58-ec87-45ed-b10f-1819baa3edfc,275542525-3
765,3583158680943391,2019-07-24T08:33:03Z,$599.09,b5dd37e8-2ce2-46aa-8a5a-74c02c85ffca,702856647-1
766,675917201881716257,2019-07-25T15:58:51Z,$3341.49,42c2c824-8f8a-435c-b9a1-5253d35fa736,887276852-7
767,3589298669005392,2019-08-02T09:10:37Z,$4262.46,aa1b6fa1-4c76-48fc-a0bd-dadf60f8355c,941383263-3
768,5038221539115985686,2019-07-12T19:23:20Z,$3363.14,3f74252e-face-4794-b005-e4d611fb5f70,517508729-0
769,3577389157218557,2019-07-24T19:34:29Z,$1787.69,0cb8439f-4829-4873-bd0b-4ba89a766ac4,602434799-5
770,3550774572686408,2019-07-24T19:00:34Z,$3731.83,26a5eab5-008a-4a6c-90c6-faf073edecc7,616443798-9
771,6376963342837376,2019-07-23T18:44:41Z,$3813.39,16b9c786-e80c-42ce-81cd-5ac676199b12,996331023-0
772,378405228049800,2019-07-18T19:17:02Z,$4695.70,11de7391-44a4-4f9b-bc13-9f63a58a1bb0,971525632-5
773,5602213730832623,2019-07-21T05:53:18Z,$786.32,21713684-351d-4171-8fca-7f8bf4715f12,441676611-4
774,5602228544188749,2019-07-24T21:47:08Z,$3567.60,e815b807-df46-4d23-a38d-60315654873e,141367723-1
775,377257839352110,2019-07-29T22:50:58Z,$1386.13,64d699d8-a997-4955-b197-ed4bd5268349,396992538-X
776,4913214753983274,2019-07-10T09:47:27Z,$4557.50,7f5cd32a-2dea-4338-b0fe-1201695b074c,405861695-4
777,4175001105666985,2019-07-11T21:18:00Z,$2625.10,19f7da9e-7576-4137-8f47-858cd53d5190,122597467-4
778,6333951660642090,2019-07-11T16:41:08Z,$4501.47,d3ba7180-e58e-4622-acd5-f8c7a18a1624,645876636-X
779,201773305309238,2019-08-04T04:37:29Z,$1039.04,9a5e5834-3ffa-4a07-b92c-de3392ceab23,900276767-6
780,5602250764505112926,2019-07-26T03:06:21Z,$1043.21,3869ff63-ccf3-4d4f-91b0-76816f298892,150250418-9
781,372162945771507,2019-08-05T04:53:05Z,$1813.83,e9c23a22-d2a4-48a6-a794-cb4f88a44fc9,030828257-4
782,3569282836427733,2019-07-31T09:52:49Z,$1507.83,2cf70ab2-172a-4f0f-839d-44feaf2f0c56,586333986-1
783,375278344867501,2019-07-17T02:08:44Z,$1809.69,90eeabaf-f929-49ce-88e7-ab048bdba73c,534489491-0
784,3576606059062739,2019-07-24T11:03:06Z,$2159.89,b87b4dfa-ca5b-416e-bfab-91ec1c679f54,555702586-3
785,30298189086980,2019-07-09T03:45:31Z,$2633.47,66d750ad-60b4-4cbc-8852-eb2b49d6f9a5,765541117-4
786,3588334576861535,2019-07-19T06:09:29Z,$2632.16,216aa016-3354-4212-9c6d-c24830355bf8,837250433-4
787,3558559606266083,2019-07-27T08:15:17Z,$880.29,f54c04b0-adaf-4ee3-92a7-b8c3cbfa8baf,233654667-1
788,3555920969736992,2019-07-10T11:41:45Z,$3820.13,a46872ea-85c9-43d0-bcda-e78ed8385d0a,726111388-3
789,6706455716100130530,2019-07-10T08:57:23Z,$2755.75,32a25362-a2e8-4d7a-ae8e-ff595707a440,647351324-8
790,6385732084014323,2019-08-04T00:23:24Z,$4291.69,8c037128-b821-4932-b671-ae28b7c3b925,695161471-7
791,3551905206744937,2019-07-17T07:11:56Z,$2912.86,098b48d5-969a-4aa1-9da9-e71da57debf3,046563059-6
792,3531086213792634,2019-07-25T05:00:28Z,$4846.85,7720fec9-ed69-4103-9a7b-45512d923971,347570549-4
793,4917286519875750,2019-07-31T14:56:52Z,$3258.10,8203bce4-0712-4fc8-b66a-04ad573bc335,894684018-8
794,3544573784867239,2019-07-25T21:32:21Z,$1500.22,dc821526-a084-4b87-ab52-7505e67c8f4d,514838766-1
795,3564413067279973,2019-07-19T15:51:54Z,$1966.90,fcfc1f59-f3cb-47c3-823d-db17ecfd4a7b,971598449-5
796,30277220672420,2019-07-11T12:50:35Z,$3714.06,1890f991-fe1f-4f86-9b70-316c16417506,906857461-2
797,36523568900038,2019-08-06T17:57:54Z,$3956.11,b532ae90-6455-4ace-88f5-73541934d038,816838083-5
798,63043003774373709,2019-07-19T10:37:27Z,$2277.38,376bf03b-9d5f-4bff-b855-30eef0641151,429622744-0
799,3534116363150700,2019-07-11T15:06:41Z,$2776.95,87d2122f-9697-4e64-b5ba-c9b3d388fa7e,896022814-1
800,3567751417749683,2019-07-26T11:30:42Z,$4356.92,fc8fbd2d-7d6d-4925-afbb-138720a75685,734614080-X
801,6304136170073311340,2019-07-23T05:55:52Z,$1262.31,2860ff1d-dc5d-40a2-8fb9-2edd3a8d8007,989219709-7
802,3575264356918590,2019-08-07T10:59:19Z,$878.19,6273cf4a-0ad7-405a-9aec-ebb12b0557b3,725153435-5
803,3569902898302405,2019-07-14T19:44:47Z,$3441.88,5bbf3213-a22b-4771-8b28-1efedf10ec7a,164912685-9
804,5523443096645733,2019-08-05T23:30:00Z,$3003.97,367b96b0-d8bb-478b-b24b-fdd52a15f8cf,489759666-1
805,6382155883584564,2019-07-27T17:29:38Z,$145.24,8d4d97b9-226a-4c1a-927f-70d64f9dbcf1,809164877-4
806,3545169603990432,2019-07-23T23:40:21Z,$2195.87,96851d9b-a19d-4c83-9fe5-f4fcfa23e923,614284005-5
807,3537242043111438,2019-07-14T05:54:29Z,$331.25,966b0a5d-c272-4e01-99bb-5dfbb39de209,961438760-2
808,5100137561258995,2019-07-20T08:36:27Z,$2963.09,8b463da3-efac-456c-9f90-543d3b3f12c9,933756496-3
809,30320631593387,2019-07-15T08:32:00Z,$3994.50,c0139c83-330f-48af-b57d-69945c971dfe,158389384-9
810,3577651864817462,2019-07-19T06:23:18Z,$3576.26,be682fa1-0f93-4407-a22b-49d4b81985ce,890771455-X
811,3565274864749512,2019-07-30T03:28:09Z,$1421.94,4869c6d7-dd2c-412c-8dab-7084172dc223,175912388-9
812,5007663182880739,2019-07-15T10:43:09Z,$2095.56,436e4030-a37d-40d8-8511-6b67aef8c3db,196526561-8
813,4405494329305658,2019-07-25T01:48:00Z,$4703.32,6f3f33b5-6fc2-4767-9492-9d308ad43159,150287520-9
814,67619378507607556,2019-07-29T16:43:12Z,$1608.10,51241d79-a78e-43a7-9c67-6885dfaaa7a9,911276098-6
815,30185810199813,2019-07-11T06:21:51Z,$4217.81,ac41b04f-7c29-43a5-9e8a-6a8deafd48a7,708553136-3
816,3558470244888439,2019-07-23T04:35:15Z,$1161.55,fc8d4c44-f4bd-427b-a099-04348194ef60,397059790-0
817,374622912057683,2019-07-10T03:47:36Z,$3536.63,57e1d71f-6607-42af-aaba-d4f39b5a7ce4,967477934-5
818,633304247306089085,2019-07-18T16:14:11Z,$291.63,18fcd087-4a91-4573-8752-ed5b12c8d543,538605147-4
819,5610929696047621,2019-07-20T10:19:33Z,$3508.60,c870cc0e-67bc-48e9-b03c-08246817d6e9,912497892-2
820,3573475440905730,2019-07-28T03:24:51Z,$4585.00,480e561c-a996-4aeb-b818-1a5af010f36f,070019527-0
821,3570588234975686,2019-07-31T13:16:55Z,$2427.41,b8c26cf7-f4ff-4b14-a00d-4f9630f73737,598770242-9
822,3576587805116815,2019-08-01T05:35:49Z,$4095.43,490f8a8a-ff6c-4e83-9a6f-3a6450311e93,197943819-6
823,3550012359161620,2019-07-17T02:57:57Z,$3790.94,28c2e3a1-ff38-479d-901f-e403fe23c693,456603053-9
824,3580803692222937,2019-07-31T03:23:26Z,$1951.48,fa52ee78-71c6-4e1b-a859-4f64febf02b8,818515595-X
825,5602245906099751,2019-07-23T11:34:47Z,$1315.23,564980a2-39bf-417f-8269-bb64a2109273,913195938-5
826,5602212574532455,2019-07-09T08:04:09Z,$3859.46,cc74fcc1-4ecc-40e5-9b15-0e8bea76458a,694445040-2
827,6761419964408973,2019-07-20T13:39:58Z,$4820.66,7354300e-9e7c-4ac6-8772-29708f8db9ab,333467322-7
828,5190927905593441,2019-07-22T14:43:51Z,$1711.35,a7e4e8a6-ad14-4d9f-a58a-d83ec776b34e,959759606-7
829,503853168721076582,2019-07-10T07:56:30Z,$2654.37,b7eca8c5-17b5-48da-a38e-5824d4c22b86,942978451-X
830,5602235376336199053,2019-07-17T13:51:46Z,$1737.21,257f4a03-0557-4b6b-9e1b-741f1a660fb4,718073760-7
831,3580781905198575,2019-07-28T10:51:59Z,$3230.79,afcda0a5-8669-4c87-992c-ea40f77b9260,881958331-3
832,3571351238352058,2019-07-10T16:33:44Z,$1635.94,cf508acd-1bca-4d27-bb83-5b9bb3dd6dd5,161026137-2
833,3566670985944719,2019-07-16T12:38:55Z,$4046.62,79933ff6-d42b-44e8-847b-229a8b9f002b,288412182-X
834,3574906993118825,2019-07-14T19:46:26Z,$1480.78,961c9d55-26a1-4662-a5d7-4c526ee7eab1,389366336-3
835,6709634876994465,2019-07-28T20:17:30Z,$4267.05,5699a60b-9749-4ff5-aaef-3b9dd3dbbc58,677586347-0
836,3571553399902049,2019-07-25T11:47:23Z,$4786.40,057d27b3-d705-469a-998d-f867746f17dd,123127877-3
837,6331102987546034,2019-08-06T16:03:44Z,$2099.33,aeda1860-2ca3-42b1-920f-55ccf2ae74c4,050346782-0
838,5002352767803499,2019-07-28T21:09:23Z,$4936.43,bf40b0c1-7f2c-4314-ab9a-b421057f866c,021940034-2
839,3577459871816976,2019-07-18T05:56:33Z,$278.06,30a79ac1-ff35-42a0-817f-46f45dda87a5,620122252-9
840,5610283859101108460,2019-08-05T17:27:52Z,$4547.46,c0da8bbb-76f3-4ae6-a4a5-39c7c1cc4441,875422668-6
841,3548477387548616,2019-07-11T23:06:33Z,$4040.27,99c6822f-7fc9-4425-9362-ae1d3a8752ce,897062187-3
842,3580840362083942,2019-07-28T06:48:16Z,$1699.85,8d76d06b-de4f-42f4-834c-3f7725a5a427,913564214-9
843,3577213802023438,2019-08-07T08:38:44Z,$4776.51,e302a538-ea79-4135-892b-39df6e5453c7,243890758-4
844,3568010592510140,2019-07-12T14:14:26Z,$3741.15,6feed73e-2dd2-49b0-bd59-ba78e5bc8d0c,501177194-6
845,3560317654622707,2019-07-13T23:40:47Z,$3606.43,c3f0b322-6253-443d-9c07-65a8f1d3a599,284985605-3
846,4017951877614229,2019-07-09T12:12:28Z,$4676.61,c3282b16-cbe2-4d26-b838-c21e855f117e,552609268-2
847,3577711207922245,2019-07-22T23:15:39Z,$2037.62,32c3aedf-a587-439d-af0c-372b92105e1c,701493117-2
848,3586661745509112,2019-08-02T08:49:15Z,$1401.93,21bf4b92-4f14-4a8d-8169-52f2b3749557,292152671-9
849,3570013442777907,2019-07-09T16:33:12Z,$4053.84,36d5f7e0-09c3-40f3-a686-686102b0a8a8,693942554-3
850,30148118356519,2019-07-29T06:37:49Z,$1690.31,93d5c071-3d4f-4600-8f0f-a3c1554d13c9,890803419-6
851,5602228655472585,2019-07-21T22:37:46Z,$1723.07,1fc4b839-7ecc-4bce-bd1c-300e4da0b986,892795685-0
852,3554601289986332,2019-07-29T05:47:14Z,$2960.76,43781300-cd22-4bff-ad0d-00d8bd8c457f,005007806-2
853,6376323668916686,2019-07-28T03:22:29Z,$4049.51,1e1e5feb-7810-4de7-950d-e9a0099463be,355659188-X
854,3583978664339609,2019-08-05T11:12:28Z,$4106.74,f78baaf7-b53e-4891-bde2-30893e0c8a24,865775674-9
855,589350242820553887,2019-07-25T18:45:35Z,$3307.26,852dae2e-bfe3-4267-8fd9-d12a43fdfbc5,360548370-4
856,30107281206190,2019-07-11T22:23:05Z,$4837.38,86a30413-514b-466d-a43c-4151c26ee6cd,818234316-X
857,3533321025385030,2019-07-17T14:46:00Z,$770.30,cdaad1bd-7847-41a0-8548-20a7e242dbec,820500188-X
858,67092498634848711,2019-07-13T02:26:30Z,$3745.93,3d8f0207-bf45-475a-bb1a-63ca4d2ecd69,647135387-1
859,490318842606522667,2019-07-30T15:14:03Z,$4054.71,a6b74a56-13f1-4c70-8de6-6e8b059cf171,622514158-8
860,5602236867754245,2019-07-30T23:34:02Z,$533.43,c833a02a-dfc0-4e26-95d0-dd57437fb100,646658514-X
861,6304715435400960153,2019-07-22T03:54:47Z,$2790.95,9609dfb0-e144-4409-a5d1-2dddf1e55ee7,561437162-1
862,676720489543387881,2019-07-29T01:35:47Z,$2173.60,e93257b8-d8ef-4dae-ad8d-ee502c7d7904,521463577-X
863,3567248515146300,2019-08-01T07:50:15Z,$1895.96,7c5c7c8d-6020-4b41-9f8b-70ca9ddbe3ee,058083582-0
864,6706925234024703,2019-08-02T15:24:21Z,$4896.53,c17bc245-e2c1-4ccc-980c-b3442a74900e,042364891-8
865,67637662011753370,2019-07-12T08:05:46Z,$935.37,856c1316-b440-4f6b-9344-cbb5fb2dc9c6,660373615-2
866,3542730058115974,2019-07-25T04:23:06Z,$2379.44,b47a8b37-fe9d-4524-8325-5b5d82afa048,791913037-9
867,5610160718835450,2019-07-14T03:47:28Z,$1299.18,dfc72c38-e214-4e78-bdd9-004066bce4b3,044698778-6
868,3551570217801199,2019-07-24T17:52:58Z,$3576.64,4fadd2e8-d565-4777-8d0d-815ca8c528fb,264042754-7
869,3584240953252640,2019-08-02T19:39:37Z,$1113.18,a842e758-815c-41f0-abca-27b02b812f1f,299225303-0
870,5132680481407897,2019-08-05T10:16:02Z,$3184.58,40215fdf-8d20-4d69-a6da-39cfda7262d9,059856809-3
871,3554890443333537,2019-07-09T18:24:21Z,$1450.73,861a3e4f-7660-43de-b12f-15ddd02580bc,724289536-7
872,3538674846636949,2019-07-19T00:37:50Z,$4715.50,84eaec49-544c-41a7-af76-b124fd220c28,298368649-3
873,3552013787996577,2019-07-30T17:10:51Z,$1850.54,aad28a52-42cf-4e53-8d91-0d2016e8691c,968721059-1
874,676113818775564376,2019-08-02T09:36:09Z,$2240.69,4a20b384-0d1e-4f82-a1fa-ce4444ad4e15,699459042-9
875,4917643344446670,2019-07-11T04:38:27Z,$1328.37,e097b2e4-6766-4e8b-8704-f1e123760514,743142117-6
876,4913190907801531,2019-07-29T19:08:09Z,$4404.35,e9d45441-1361-456b-ae7f-49c19a2e1ca7,399002313-6
877,30088516270898,2019-07-29T02:26:34Z,$1707.75,720c56c5-1985-4199-808c-36213a86de3c,316218339-1
878,5048374221290226,2019-07-16T20:00:03Z,$1606.03,c06986d1-b63c-4037-bfcf-0a5e0b72ba5f,464517985-3
879,4017958798557676,2019-07-21T21:28:01Z,$1507.38,959607fa-221d-4b00-9640-151d960c0615,916372203-8
880,3534179939342102,2019-07-25T16:20:27Z,$3530.19,f6791e65-592d-45cc-9ae3-33cede3d6b87,590377589-6
881,5602210946832637,2019-07-26T15:35:29Z,$2007.83,9f548eae-b02b-4de7-ba19-76fe72b8b443,067468236-X
882,67592251705881854,2019-07-28T02:07:43Z,$1657.62,48efa48d-0ac2-475c-a845-26bff87c78bc,103949519-2
883,4844240073816666,2019-07-13T09:06:12Z,$58.73,bca6a90a-b1a8-4205-9822-a5175d3ecd98,644316842-9
884,5893841858636315126,2019-07-11T20:03:42Z,$1450.92,d693d8a7-904a-48d8-b125-66a119d7679b,884326220-3
885,5514176285548091,2019-07-11T23:11:55Z,$2297.99,39d8c83d-5428-4ac8-8797-d7a549c1ebaa,561184971-7
886,5602219582409212,2019-07-18T05:50:03Z,$2956.99,da4b2c97-1217-45ca-80ce-bd8b605d167b,671138464-4
887,3553166704616527,2019-07-24T03:38:50Z,$1305.73,456d98e4-a84b-4daa-a870-8fa090f6e491,914605650-5
888,3538402102615070,2019-08-07T05:35:53Z,$4837.37,9003d9ad-bb0f-4541-92fb-3848dcba2107,163399532-1
889,201671834202405,2019-07-21T22:40:12Z,$1810.01,52d9df7d-666f-4e91-9ecc-05f17ac90e3b,312919975-6
890,4026968922195524,2019-07-15T20:38:48Z,$4348.60,b95ff118-bf1a-4d71-aeaf-5533fe82de23,638137330-X
891,30261467204782,2019-07-28T11:31:28Z,$415.02,b3cf88fc-a327-4bcd-9f60-c621888c1b88,520538347-X
892,5007665297554224,2019-07-16T16:19:39Z,$3187.60,2444a738-6b97-42d1-9599-54a24d252f20,645792080-2
893,3584228653573159,2019-08-03T11:32:26Z,$3104.54,52e05d33-9abb-45d4-8679-86f44703d337,576367668-8
894,4508948755796124,2019-08-02T08:21:32Z,$2194.41,cbd5a2b0-be37-4f06-96a9-fa53f04375fb,471246593-X
895,5602231054756855,2019-07-16T04:23:50Z,$4205.58,9fb1c9e8-28b1-45fb-86de-02e7d0d61cbd,232431695-1
896,3585737215168042,2019-07-31T05:51:10Z,$648.29,eed011ba-c021-4ac8-9342-ea4fd69b868a,524196420-7
897,3540782806534313,2019-08-05T13:17:34Z,$1030.77,2bf28623-a261-47e8-93aa-ce29cb9fa991,500031859-5
898,3528539349291231,2019-07-31T10:37:41Z,$1299.62,b6b57a30-c74d-4bd8-b94e-fd296f4aabb2,338744567-9
899,3586881027858843,2019-08-02T20:38:16Z,$2630.41,2ce3db4e-941f-4743-9d04-ce7335f63b3c,959397867-4
900,3586865600985743,2019-07-20T06:59:26Z,$4537.61,11a480a0-b492-4761-aa0a-e61466a43eb4,692273927-2
901,3537299913727859,2019-08-01T23:20:21Z,$4254.85,4fac8371-e584-4abe-9743-f461dcc0890a,838662030-7
902,3573570368764356,2019-07-30T08:11:15Z,$928.24,6ca2e7ad-fc07-41af-8821-b2b147e02953,019624095-6
903,201985371545806,2019-08-07T02:12:50Z,$4029.90,474bbb3f-048d-492f-bb09-5bbfc9b518a3,103795672-9
904,4405429934815725,2019-07-14T10:15:49Z,$1957.80,6e855878-9d6f-46cf-803d-1220ee76ec6f,664848728-3
905,5100175445048125,2019-08-06T01:23:14Z,$2719.71,0042596c-bcbf-4618-8a74-07ea8842e14d,757172737-5
906,3552816484025098,2019-08-01T17:45:39Z,$3388.40,e87abfbb-388b-4c03-8066-0dae967567e2,930756818-9
907,345010429322053,2019-07-23T04:59:04Z,$4373.50,7280dca2-17cc-4da2-8bfe-8fc7477b0a42,569661609-7
908,374288647867935,2019-07-25T23:19:29Z,$4468.57,b62e0175-1741-446f-970b-733a1d58cb92,744766251-8
909,6334973470198560554,2019-08-04T20:54:25Z,$4842.03,75988195-a1e4-4706-85eb-b0bc3fb77768,205846588-1
910,3570657909383888,2019-07-30T07:49:02Z,$110.49,581ad256-d79e-45bf-89a3-db1f76ba9998,986641950-9
911,4913459389294519,2019-07-18T07:24:50Z,$3640.70,ac5d0a88-d7c8-4301-8b7c-593ab02c871a,121995167-6
912,50383917147911074,2019-07-12T17:00:11Z,$3364.83,7e0aa1d0-a869-439c-8fe3-08da9ee6b1f0,425094664-9
913,3566315961365022,2019-08-05T00:14:43Z,$2769.02,47378170-bb63-4e04-94f3-7833c72ac190,442812704-9
914,501870248323598598,2019-07-30T01:26:29Z,$1735.13,cf7232c6-840c-4eec-9fb4-1f1aa4430546,163502794-2
915,3567131245322286,2019-07-16T15:53:47Z,$688.33,f56a06d3-4ad4-492f-a4da-b167f1b692bf,959962238-3
916,345269978798762,2019-07-12T14:15:35Z,$2021.14,d9b0ef5e-5790-43b1-b9aa-f243f4882fd3,325433519-8
917,5038172856690269172,2019-07-14T16:30:28Z,$3802.93,9eb4cf88-f4af-4919-83bc-84de706d461e,170932899-1
918,3573936750127595,2019-07-15T01:26:45Z,$1684.64,45f3c77d-36b2-47b2-8be0-128870d18d5e,208016385-X
919,4175004837319808,2019-07-12T12:20:33Z,$4803.35,03a48e67-79dc-463b-bb7c-e48d31594613,398627954-7
920,4913865962679696,2019-07-26T05:25:18Z,$861.99,c94230ef-9d7d-4658-887a-ae9d88a9bd49,136196787-0
921,3542821797995386,2019-07-15T19:03:53Z,$1003.07,3ee214c8-3e14-4622-9341-681fee5b45a1,716457084-1
922,3575633574349327,2019-07-16T11:10:54Z,$1905.04,57998e78-2e79-4607-84e8-fdf93e668fef,286926386-4
923,375380904015214,2019-07-12T17:26:19Z,$3128.67,ab8c6c64-ec6f-432d-9b2c-e007430d1769,133301282-9
924,50188656573663018,2019-08-04T09:54:13Z,$59.93,e6992e0c-891f-480b-b1cb-d26eed01bda9,065631210-6
925,3586187868131625,2019-07-10T21:11:23Z,$910.98,07e2a475-2beb-4175-9b24-20d818415ad2,591514388-1
926,30064174109033,2019-07-10T22:33:17Z,$3570.25,7d463f74-9443-4fe1-8ff8-43e733b08274,789884332-0
927,3566428788828435,2019-07-09T19:28:19Z,$4747.03,00ac4cc5-2bfc-4252-ada6-7fa5bd9bd3b1,262493898-2
928,201401293168966,2019-07-21T02:57:37Z,$2353.37,9b1cf2e7-7a0f-4bee-ae69-00e0860d8d90,723599767-2
929,337941844738251,2019-07-18T22:39:11Z,$2869.45,eb38a18e-ef63-4d27-b321-b65dde5bef8d,446449258-4
930,4017952007177,2019-07-10T18:23:48Z,$1285.17,1488c544-5041-4e38-86ad-66f6942e918c,078472575-6
931,3577305038653853,2019-07-19T15:10:54Z,$1253.25,30d466b0-12a5-47b6-8d50-0b677cb7cf01,333044682-X
932,201473329480061,2019-08-03T13:16:19Z,$185.51,c1ca89dd-6f66-4ea9-95f0-27381a7deed8,980470003-4
933,3562692727914168,2019-07-24T18:28:59Z,$3439.81,f9b1da41-f62e-43d5-b814-de87be603051,845547101-8
934,3576778086358867,2019-08-06T01:00:41Z,$4750.19,8c01d599-6957-460e-95e6-814b2a46fdb3,110644964-9
935,4017955891029827,2019-07-28T13:16:10Z,$1814.23,61797124-3043-4a43-abb0-c7288faa4205,515195408-3
936,3551672693232129,2019-07-23T21:03:59Z,$2750.51,6e7e9de7-edfd-4d3e-91d9-9e422f1ebe21,130133094-9
937,3587134775832480,2019-07-12T06:57:37Z,$783.79,22826980-6594-41e1-9d8a-b60f22d8a42f,910802075-2
938,4041375410257009,2019-07-18T15:46:40Z,$3832.44,36dc9859-44dd-4969-be39-670bd370d3e0,190081088-3
939,5007660201336149,2019-08-06T16:25:00Z,$3224.67,f7391e6f-de86-4ae4-801f-a6f8e2a4c0ae,233013634-X
940,3574404546841861,2019-08-07T22:10:06Z,$3886.92,292aae06-2f05-4412-a77e-8bb52d99b997,518704772-8
941,3550143790510537,2019-07-17T08:16:51Z,$642.89,f58cd02e-6e74-416f-9778-979051b6e2a3,946177453-2
942,5602223938814257,2019-07-18T21:52:54Z,$3873.01,eece168d-e801-4bcb-9585-f9045e7a9743,002964877-7
943,3528494073641161,2019-08-05T20:46:34Z,$3501.48,b52c1505-cfbf-45bd-813b-910c8ecfc195,242326432-1
944,5038138520642748,2019-08-05T04:47:51Z,$3352.49,ad348f31-001e-46e5-9bdd-054914c11579,905366326-6
945,3540574862303174,2019-07-18T08:45:46Z,$1338.37,2303e872-2d8e-4542-81d8-bc536c274273,187591497-8
946,5602251784895193574,2019-07-14T23:32:32Z,$933.00,5d1a4302-a720-4df6-803d-1af9c6a84857,815509595-9
947,4508474002871198,2019-07-27T14:26:40Z,$1017.61,bb017950-4570-4021-85b5-a6657166e68f,862600859-7
948,372301923088191,2019-07-25T12:10:48Z,$1679.93,596848ff-b4b8-4c02-ad6f-03bd48c97110,525312299-0
949,3532687648521867,2019-08-03T16:50:44Z,$1411.07,195ea6c4-60dc-49e1-866c-9d670127cbaa,794253246-1
950,4405652105426150,2019-07-24T14:11:22Z,$2607.96,30ce3560-d8c6-428a-bac4-8c68902ae26d,430806645-X
951,5100175726759150,2019-07-13T13:08:17Z,$1797.80,42bbff2d-6bfb-4f3f-bd5d-2679dd27807e,175142778-1
952,3532508330776413,2019-07-15T12:48:16Z,$972.88,c1a615a6-2426-4858-8b68-232e00bb1d3d,157483485-1
953,5441417257624173,2019-07-31T03:19:19Z,$2264.19,c3191794-befe-48fc-a3cf-e7cbe677c539,591018269-2
954,5007663445230631,2019-07-25T05:27:03Z,$2400.24,c738f8ec-68be-4465-961d-0680c8a3c1b0,169717490-6
955,4790932471924225,2019-08-01T12:26:31Z,$4306.57,54e14ef4-f1df-4caa-bca9-c8ba5fa021f9,810979944-2
956,3582496584413223,2019-07-14T13:37:08Z,$4304.89,0c4f0801-c9e4-495f-bdd2-a32650143b8d,335111058-8
957,4905465216294424,2019-07-25T04:30:59Z,$3747.36,ec582b93-2b7c-4f77-aa58-42f1b6447ec1,129546910-3
958,4041374129124014,2019-07-15T23:51:03Z,$1622.38,4df8e7ee-559b-4d5c-b203-7ac48ae2d5ab,209168639-5
959,5532937224083153,2019-07-15T13:37:11Z,$1938.30,2ce89906-5a84-4afa-8c56-9869ac48268f,929390342-3
960,4041594668337,2019-08-02T01:53:47Z,$3296.39,c61ca4c5-b759-434f-a870-277a14026ec0,549726455-7
961,675931728060779732,2019-07-25T08:07:40Z,$1657.81,e00c3917-1488-4a75-ae82-e2ea0ab173c6,163717470-5
962,3558740730472504,2019-07-24T03:35:15Z,$2138.39,114ef4f0-2e3a-475f-bfbb-42f21870db28,219608428-X
963,5602211370929576,2019-07-25T04:50:01Z,$1098.43,6c61aa83-208c-4f83-96b4-f66558aa99dd,535850949-6
964,3558852521859581,2019-07-17T17:07:41Z,$1019.90,2985bc59-752b-4fe0-b806-feb59fc5c95a,323526276-8
965,4026852379337146,2019-07-21T21:49:22Z,$2547.15,859637f2-0d4f-4531-811e-0ac800edf960,735692885-X
966,6334086533572304,2019-07-24T11:25:53Z,$3400.87,1d061177-076d-4e91-9f65-7c4dc80d046a,035643147-9
967,6371838206774391,2019-08-02T02:20:57Z,$1397.48,ff59cfe2-8887-4729-8491-675949f53848,721806476-0
968,3558489572894041,2019-08-02T04:10:29Z,$1796.61,3670c52e-b96d-4974-b72e-e5a24e7d85ba,779694497-7
969,5520238258589155,2019-07-25T03:34:19Z,$3123.98,56eacd79-5d47-43cb-a50a-21424cf67f0c,879901394-0
970,3570732619740733,2019-08-04T22:57:43Z,$1103.08,3662eab3-ea75-4e0b-84da-716405cb9e08,756468914-5
971,3585143899661347,2019-08-07T03:04:04Z,$4978.84,3691890a-2bb0-4919-a31f-e1b0d9caded0,148556146-9
972,4844982570211616,2019-07-28T05:33:06Z,$2281.59,2b36754c-6e60-4276-a076-69fbde29c74b,519596577-3
973,3564858037866152,2019-08-06T09:31:40Z,$1531.93,f60176e5-469a-4244-9655-d49041bf16d1,544379307-1
974,3573996506999523,2019-07-15T01:19:52Z,$2529.29,0b2dfbdb-706d-4f05-9278-9fb3fdc99839,341467538-2
975,3571314869578003,2019-08-04T10:52:29Z,$91.93,b75b4c1d-b544-4d6d-a18f-4ffc94459dd8,692714587-7
976,373586991283703,2019-07-18T07:11:34Z,$536.74,7479fb81-a331-4abb-bf40-9a60d967faf7,938072615-5
977,3543801589259000,2019-07-25T22:06:17Z,$4971.30,b759a66c-379e-4422-b269-9b9fe75f6b47,673124603-4
978,4936937699630315602,2019-07-26T08:56:20Z,$241.10,7262f4dd-a483-40ce-ad9f-ab308b98f3c8,018310995-3
979,4905476213457633,2019-07-28T15:27:13Z,$4122.39,f4b13b04-5eb4-4f6e-8a99-5f1a3d20bab0,364189439-5
980,3587678989289473,2019-08-04T05:40:46Z,$1997.42,62b9951d-ac5e-4775-8e68-da06dd0c4f57,760302764-0
981,3576372227537819,2019-07-31T00:41:18Z,$3358.53,743d4608-9b86-47c9-a2df-2510b803a73f,028858988-2
982,6396259362485899,2019-07-21T17:31:29Z,$2829.96,c8910ea2-0b7c-4c7a-b0ce-660b37063e2a,004145458-8
983,3585884953580895,2019-07-15T11:32:30Z,$3156.33,f592019a-dd1a-4998-96b0-d2be26977bc1,796645853-9
984,3569477361930016,2019-07-15T08:28:00Z,$2459.04,c2349a15-ebb2-42f1-8117-cc72f5469389,479677500-5
985,201962149830760,2019-07-30T03:49:46Z,$2597.82,f0bb4d95-dc45-4a92-bc72-ac3f97127dd9,704052970-X
986,4451921406741,2019-07-21T02:50:10Z,$2457.50,f32cec3a-9d84-428d-afbb-ab5d5588b11b,588665896-3
987,3549026807205536,2019-08-01T14:29:33Z,$4871.95,296893d2-9472-4ad5-8981-4a2b360ddbe6,032488782-5
988,5048373665576918,2019-07-23T12:15:15Z,$324.58,fda5611a-4490-4e8b-bc46-f5ec84a4e763,440436335-4
989,5100179508479136,2019-08-06T14:53:36Z,$3199.91,9e698629-6853-4882-b8ab-85785f9cf185,453828903-5
990,5010122183365047,2019-08-04T07:20:38Z,$3201.81,f1373795-116c-4608-97af-1c5607fbe81d,003508524-X
991,5602254171587946,2019-08-05T06:30:23Z,$3145.13,d3d269d6-ef81-4784-874a-4318247aa8df,034792014-4
992,3564369524495109,2019-07-23T17:39:14Z,$3102.34,1d520282-8b99-472b-9d95-35548e443784,995829169-X
993,4041376511317,2019-07-14T02:05:49Z,$1828.15,199d7eb8-f9da-4403-b038-6ec37533156a,796110359-7
994,201606647650127,2019-07-11T22:18:05Z,$4788.72,37847dc3-133b-42e3-9f25-953ce26d522b,966606556-8
995,3544460767743340,2019-07-14T00:08:08Z,$1304.56,d0bea1f9-0be6-4ff9-bd65-0bc3ebf4522a,312953341-9
996,3546311504267176,2019-07-09T17:18:40Z,$4224.09,1a67e8a7-75ce-4864-b7e3-15a5f866f1a4,138110414-2
997,3571652106149512,2019-07-15T19:04:37Z,$2152.22,63bb6b7d-63c0-420f-b7d2-244f5065dfb2,105048962-4
998,3567086349469401,2019-07-09T16:13:03Z,$4678.40,d71fbbad-3ea4-404f-af8b-ab11f82e1fe8,393464541-0
999,3554154595534057,2019-07-25T04:47:07Z,$39.82,78334e57-ba8c-45c5-bb5c-46ec5330a98e,907446175-1
1000,5038906199697023,2019-07-17T06:47:55Z,$4948.42,7bce85d7-2f51-4bcd-aa95-958045f73c7e,146492327-2
